Question ID (machine readable),Response ID (machine readable),Response value,Answer requirement,Human-friendly question label
PSL_DATA_COLLECTION_COLLECTS_PERSONAL_DATA,,true,REQUIRED,¿Tu app recopila o comparte alguno de los tipos de datos que se requieren de los usuarios?
PSL_DATA_COLLECTION_ENCRYPTED_IN_TRANSIT,,true,MAYBE_REQUIRED,¿Todos los datos de los usuarios que recopila tu app se encriptan en tránsito?
PSL_SUPPORTED_ACCOUNT_CREATION_METHODS,PSL_ACM_USER_ID_PASSWORD,,MULTIPLE_CHOICE,¿Cuál de los siguientes métodos de creación de cuentas admite la app? Selecciona todas las opciones que correspondan./Nombre de usuario y contraseña
PSL_SUPPORTED_ACCOUNT_CREATION_METHODS,PSL_ACM_USER_ID_OTHER_AUTH,,MULTIPLE_CHOICE,¿Cuál de los siguientes métodos de creación de cuentas admite la app? Selecciona todas las opciones que correspondan./Nombre de usuario y otra forma de autenticación
PSL_SUPPORTED_ACCOUNT_CREATION_METHODS,PSL_ACM_USER_ID_PASSWORD_OTHER_AUTH,,MULTIPLE_CHOICE,"¿Cuál de los siguientes métodos de creación de cuentas admite la app? Selecciona todas las opciones que correspondan./Nombre de usuario, contraseña y otros tipos de autenticación"
PSL_SUPPORTED_ACCOUNT_CREATION_METHODS,PSL_ACM_OAUTH,true,MULTIPLE_CHOICE,¿Cuál de los siguientes métodos de creación de cuentas admite la app? Selecciona todas las opciones que correspondan./OAuth
PSL_SUPPORTED_ACCOUNT_CREATION_METHODS,PSL_ACM_OTHER,,MULTIPLE_CHOICE,¿Cuál de los siguientes métodos de creación de cuentas admite la app? Selecciona todas las opciones que correspondan./Otro
PSL_SUPPORTED_ACCOUNT_CREATION_METHODS,PSL_ACM_NONE,,MULTIPLE_CHOICE,¿Cuál de los siguientes métodos de creación de cuentas admite la app? Selecciona todas las opciones que correspondan./Mi app no permite que los usuarios creen una cuenta.
PSL_ACM_SPECIFY,,,MAYBE_REQUIRED,Describe el método de creación de cuentas que admite la app
PSL_ACCOUNT_DELETION_URL,,https://domiclick.com/delete-account.html,MAYBE_REQUIRED,Agrega un vínculo que los usuarios puedan usar para solicitar que se borren su cuenta y los datos asociados 
PSL_SUPPORT_DATA_DELETION_BY_USER,DATA_DELETION_YES,true,SINGLE_CHOICE,¿Pones a disposición de los usuarios un método para que soliciten que se borren sus datos?/Sí
PSL_SUPPORT_DATA_DELETION_BY_USER,DATA_DELETION_NO,,SINGLE_CHOICE,¿Pones a disposición de los usuarios un método para que soliciten que se borren sus datos?/No
PSL_SUPPORT_DATA_DELETION_BY_USER,DATA_DELETION_NO_AUTO_DELETED,,SINGLE_CHOICE,"¿Pones a disposición de los usuarios un método para que soliciten que se borren sus datos?/No, pero los datos del usuario se borran automáticamente en un plazo de 90 días"
PSL_DATA_DELETION_URL,,https://domiclick.com/delete-account.html,MAYBE_REQUIRED,URL de eliminación de datos
PSL_DATA_COLLECTION_COMPLIES_FAMILY_POLICY,,,OPTIONAL,"Responde esta pregunta solo si indicaste que el grupo etario al que se orienta tu app incluye niños o si aceptaste participar del programa Diseñado para familias. Si cumples con alguna de las condiciones anteriores, debes respetar la Política de Familias de Google Play (https://support.google.com/googleplay/android-developer/answer/9893335). ¿Quieres que los usuarios conozcan este compromiso en la sección de Seguridad de los datos de tu ficha de Play Store?"
PSL_INDEPENDENTLY_VALIDATED,,,OPTIONAL,"¿Tu app completó con éxito una revisión de seguridad independiente de acuerdo con el framework de la Evaluación de Seguridad para Aplicaciones Móviles (MASA)? Solo si la revisión está en regla, responde ""sí""."
PSL_UPI_BADGE_OPT_IN,,,OPTIONAL,¿Quieres mostrar esta insignia en la ficha de Play Store?
PSL_HAS_OUTSIDE_APP_ACCOUNTS,,,OPTIONAL,¿Los usuarios pueden acceder a tu app con cuentas creadas fuera de ella?
PSL_OUTSIDE_APP_ACCOUNT_TYPES,PSL_LOGIN_WITH_OUTSIDE_APP_ID,,MULTIPLE_CHOICE,"¿Cómo se crean estas cuentas?/Identificación fuera de la app (p. ej., vinculación de SIM, suscripción a un servicio)"
PSL_OUTSIDE_APP_ACCOUNT_TYPES,PSL_LOGIN_THROUGH_EMPLOYMENT_OR_ENTERPRISE_ACCOUNT,,MULTIPLE_CHOICE,¿Cómo se crean estas cuentas?/A través de cuentas de trabajo o empresariales
PSL_OUTSIDE_APP_ACCOUNT_TYPES,PSL_OUTSIDE_APP_ACCOUNT_TYPE_OTHER,,MULTIPLE_CHOICE,¿Cómo se crean estas cuentas?/Otro
PSL_OUTSIDE_APP_ACCOUNT_TYPE_SPECIFY,,,MAYBE_REQUIRED,Describe cómo se crean estas cuentas
PSL_DATA_TYPES_PERSONAL,PSL_NAME,true,MULTIPLE_CHOICE,Información personal/Nombre
PSL_DATA_TYPES_PERSONAL,PSL_EMAIL,true,MULTIPLE_CHOICE,Información personal/Dirección de correo electrónico
PSL_DATA_TYPES_PERSONAL,PSL_USER_ACCOUNT,true,MULTIPLE_CHOICE,Información personal/ID de usuario
PSL_DATA_TYPES_PERSONAL,PSL_ADDRESS,true,MULTIPLE_CHOICE,Información personal/Dirección
PSL_DATA_TYPES_PERSONAL,PSL_PHONE,true,MULTIPLE_CHOICE,Información personal/Número de teléfono
PSL_DATA_TYPES_PERSONAL,PSL_RACE_ETHNICITY,,MULTIPLE_CHOICE,Información personal/Raza y etnia
PSL_DATA_TYPES_PERSONAL,PSL_POLITICAL_RELIGIOUS,,MULTIPLE_CHOICE,Información personal/Creencias políticas y religiosas
PSL_DATA_TYPES_PERSONAL,PSL_SEXUAL_ORIENTATION_GENDER_IDENTITY,,MULTIPLE_CHOICE,Información personal/Orientación sexual
PSL_DATA_TYPES_PERSONAL,PSL_OTHER_PERSONAL,,MULTIPLE_CHOICE,Información personal/Otra información
PSL_DATA_TYPES_FINANCIAL,PSL_CREDIT_DEBIT_BANK_ACCOUNT_NUMBER,,MULTIPLE_CHOICE,Información financiera/Información de pago del usuario
PSL_DATA_TYPES_FINANCIAL,PSL_PURCHASE_HISTORY,,MULTIPLE_CHOICE,Información financiera/Historial de compras
PSL_DATA_TYPES_FINANCIAL,PSL_CREDIT_SCORE,,MULTIPLE_CHOICE,Información financiera/Calificación crediticia
PSL_DATA_TYPES_FINANCIAL,PSL_OTHER,,MULTIPLE_CHOICE,Información financiera/Otra información financiera
PSL_DATA_TYPES_LOCATION,PSL_APPROX_LOCATION,,MULTIPLE_CHOICE,Ubicación/Ubicación aproximada
PSL_DATA_TYPES_LOCATION,PSL_PRECISE_LOCATION,true,MULTIPLE_CHOICE,Ubicación/Ubicación precisa
PSL_DATA_TYPES_SEARCH_AND_BROWSING,PSL_WEB_BROWSING_HISTORY,,MULTIPLE_CHOICE,Navegación web/Historial de navegación en la Web
PSL_DATA_TYPES_EMAIL_AND_TEXT,PSL_EMAILS,,MULTIPLE_CHOICE,Mensajes/Correos electrónicos
PSL_DATA_TYPES_EMAIL_AND_TEXT,PSL_SMS_CALL_LOG,,MULTIPLE_CHOICE,Mensajes/SMS o MMS
PSL_DATA_TYPES_EMAIL_AND_TEXT,PSL_OTHER_MESSAGES,true,MULTIPLE_CHOICE,Mensajes/Otros mensajes desde la app
PSL_DATA_TYPES_PHOTOS_AND_VIDEOS,PSL_PHOTOS,true,MULTIPLE_CHOICE,Fotos y videos/Fotos
PSL_DATA_TYPES_PHOTOS_AND_VIDEOS,PSL_VIDEOS,,MULTIPLE_CHOICE,Fotos y videos/Videos
PSL_DATA_TYPES_AUDIO,PSL_AUDIO,,MULTIPLE_CHOICE,Archivos de audio/Grabaciones de voz o sonido
PSL_DATA_TYPES_AUDIO,PSL_MUSIC,,MULTIPLE_CHOICE,Archivos de audio/Archivos de música
PSL_DATA_TYPES_AUDIO,PSL_OTHER_AUDIO,,MULTIPLE_CHOICE,Archivos de audio/Otros archivos de audio
PSL_DATA_TYPES_HEALTH_AND_FITNESS,PSL_HEALTH,,MULTIPLE_CHOICE,Salud y fitness/Información sanitaria
PSL_DATA_TYPES_HEALTH_AND_FITNESS,PSL_FITNESS,,MULTIPLE_CHOICE,Salud y fitness/Información de estado físico
PSL_DATA_TYPES_CONTACTS,PSL_CONTACTS,,MULTIPLE_CHOICE,Contactos/Contactos
PSL_DATA_TYPES_CALENDAR,PSL_CALENDAR,,MULTIPLE_CHOICE,Calendario/Eventos del calendario
PSL_DATA_TYPES_APP_PERFORMANCE,PSL_CRASH_LOGS,,MULTIPLE_CHOICE,Información de la app y rendimiento/Registros de fallas
PSL_DATA_TYPES_APP_PERFORMANCE,PSL_PERFORMANCE_DIAGNOSTICS,,MULTIPLE_CHOICE,Información de la app y rendimiento/Diagnóstico
PSL_DATA_TYPES_APP_PERFORMANCE,PSL_OTHER_PERFORMANCE,,MULTIPLE_CHOICE,Información de la app y rendimiento/Otros datos de rendimiento de la app
PSL_DATA_TYPES_FILES_AND_DOCS,PSL_FILES_AND_DOCS,,MULTIPLE_CHOICE,Archivos y documentos/Archivos y documentos
PSL_DATA_TYPES_APP_ACTIVITY,PSL_USER_INTERACTION,true,MULTIPLE_CHOICE,Actividad en apps/Interacciones en la app
PSL_DATA_TYPES_APP_ACTIVITY,PSL_IN_APP_SEARCH_HISTORY,,MULTIPLE_CHOICE,Actividad en apps/Historial de búsqueda en la app
PSL_DATA_TYPES_APP_ACTIVITY,PSL_APPS_ON_DEVICE,,MULTIPLE_CHOICE,Actividad en apps/Apps instaladas
PSL_DATA_TYPES_APP_ACTIVITY,PSL_USER_GENERATED_CONTENT,true,MULTIPLE_CHOICE,Actividad en apps/Otro contenido generado por usuarios
PSL_DATA_TYPES_APP_ACTIVITY,PSL_OTHER_APP_ACTIVITY,,MULTIPLE_CHOICE,Actividad en apps/Otras acciones
PSL_DATA_TYPES_IDENTIFIERS,PSL_DEVICE_ID,,MULTIPLE_CHOICE,Dispositivo u otros IDs/Dispositivo u otros IDs
PSL_DATA_USAGE_RESPONSES:PSL_NAME:PSL_DATA_USAGE_COLLECTION_AND_SHARING,PSL_DATA_USAGE_ONLY_COLLECTED,true,MULTIPLE_CHOICE,"Uso y manejo de datos (Nombre)/¿Estos datos se recopilan, se comparten o ambas?/Recopilados"
PSL_DATA_USAGE_RESPONSES:PSL_NAME:PSL_DATA_USAGE_COLLECTION_AND_SHARING,PSL_DATA_USAGE_ONLY_SHARED,,MULTIPLE_CHOICE,"Uso y manejo de datos (Nombre)/¿Estos datos se recopilan, se comparten o ambas?/Compartidos"
PSL_DATA_USAGE_RESPONSES:PSL_NAME:PSL_DATA_USAGE_EPHEMERAL,,false,MAYBE_REQUIRED,Uso y manejo de datos (Nombre)/¿Estos datos se procesan de forma efímera?
PSL_DATA_USAGE_RESPONSES:PSL_NAME:DATA_USAGE_USER_CONTROL,PSL_DATA_USAGE_USER_CONTROL_OPTIONAL,,SINGLE_CHOICE,Uso y manejo de datos (Nombre)/¿Estos datos son necesarios para tu app o los usuarios pueden decidir si se recopilan o no?/Los usuarios pueden decidir si los datos se recopilan o no
PSL_DATA_USAGE_RESPONSES:PSL_NAME:DATA_USAGE_USER_CONTROL,PSL_DATA_USAGE_USER_CONTROL_REQUIRED,true,SINGLE_CHOICE,Uso y manejo de datos (Nombre)/¿Estos datos son necesarios para tu app o los usuarios pueden decidir si se recopilan o no?/La recopilación de datos es necesaria (los usuarios no pueden desactivar esta opción)
PSL_DATA_USAGE_RESPONSES:PSL_NAME:DATA_USAGE_COLLECTION_PURPOSE,PSL_APP_FUNCTIONALITY,true,MULTIPLE_CHOICE,Uso y manejo de datos (Nombre)/¿Por qué se recopilan los datos de los usuarios? Selecciona todas las opciones que correspondan./Funciones de la app
PSL_DATA_USAGE_RESPONSES:PSL_NAME:DATA_USAGE_COLLECTION_PURPOSE,PSL_ANALYTICS,,MULTIPLE_CHOICE,Uso y manejo de datos (Nombre)/¿Por qué se recopilan los datos de los usuarios? Selecciona todas las opciones que correspondan./Estadísticas
PSL_DATA_USAGE_RESPONSES:PSL_NAME:DATA_USAGE_COLLECTION_PURPOSE,PSL_DEVELOPER_COMMUNICATIONS,,MULTIPLE_CHOICE,Uso y manejo de datos (Nombre)/¿Por qué se recopilan los datos de los usuarios? Selecciona todas las opciones que correspondan./Comunicaciones del desarrollador
PSL_DATA_USAGE_RESPONSES:PSL_NAME:DATA_USAGE_COLLECTION_PURPOSE,PSL_FRAUD_PREVENTION_SECURITY,,MULTIPLE_CHOICE,"Uso y manejo de datos (Nombre)/¿Por qué se recopilan los datos de los usuarios? Selecciona todas las opciones que correspondan./Seguridad, cumplimiento y prevención de fraudes"
PSL_DATA_USAGE_RESPONSES:PSL_NAME:DATA_USAGE_COLLECTION_PURPOSE,PSL_ADVERTISING,,MULTIPLE_CHOICE,Uso y manejo de datos (Nombre)/¿Por qué se recopilan los datos de los usuarios? Selecciona todas las opciones que correspondan./Publicidad o marketing
PSL_DATA_USAGE_RESPONSES:PSL_NAME:DATA_USAGE_COLLECTION_PURPOSE,PSL_PERSONALIZATION,,MULTIPLE_CHOICE,Uso y manejo de datos (Nombre)/¿Por qué se recopilan los datos de los usuarios? Selecciona todas las opciones que correspondan./Personalización
PSL_DATA_USAGE_RESPONSES:PSL_NAME:DATA_USAGE_COLLECTION_PURPOSE,PSL_ACCOUNT_MANAGEMENT,true,MULTIPLE_CHOICE,Uso y manejo de datos (Nombre)/¿Por qué se recopilan los datos de los usuarios? Selecciona todas las opciones que correspondan./Administración de la cuenta
PSL_DATA_USAGE_RESPONSES:PSL_NAME:DATA_USAGE_SHARING_PURPOSE,PSL_APP_FUNCTIONALITY,,MULTIPLE_CHOICE,Uso y manejo de datos (Nombre)/¿Para qué se usan y comparten los datos de los usuarios? Selecciona todas las opciones que correspondan./Funciones de la app
PSL_DATA_USAGE_RESPONSES:PSL_NAME:DATA_USAGE_SHARING_PURPOSE,PSL_ANALYTICS,,MULTIPLE_CHOICE,Uso y manejo de datos (Nombre)/¿Para qué se usan y comparten los datos de los usuarios? Selecciona todas las opciones que correspondan./Estadísticas
PSL_DATA_USAGE_RESPONSES:PSL_NAME:DATA_USAGE_SHARING_PURPOSE,PSL_DEVELOPER_COMMUNICATIONS,,MULTIPLE_CHOICE,Uso y manejo de datos (Nombre)/¿Para qué se usan y comparten los datos de los usuarios? Selecciona todas las opciones que correspondan./Comunicaciones del desarrollador
PSL_DATA_USAGE_RESPONSES:PSL_NAME:DATA_USAGE_SHARING_PURPOSE,PSL_FRAUD_PREVENTION_SECURITY,,MULTIPLE_CHOICE,"Uso y manejo de datos (Nombre)/¿Para qué se usan y comparten los datos de los usuarios? Selecciona todas las opciones que correspondan./Seguridad, cumplimiento y prevención de fraudes"
PSL_DATA_USAGE_RESPONSES:PSL_NAME:DATA_USAGE_SHARING_PURPOSE,PSL_ADVERTISING,,MULTIPLE_CHOICE,Uso y manejo de datos (Nombre)/¿Para qué se usan y comparten los datos de los usuarios? Selecciona todas las opciones que correspondan./Publicidad o marketing
PSL_DATA_USAGE_RESPONSES:PSL_NAME:DATA_USAGE_SHARING_PURPOSE,PSL_PERSONALIZATION,,MULTIPLE_CHOICE,Uso y manejo de datos (Nombre)/¿Para qué se usan y comparten los datos de los usuarios? Selecciona todas las opciones que correspondan./Personalización
PSL_DATA_USAGE_RESPONSES:PSL_NAME:DATA_USAGE_SHARING_PURPOSE,PSL_ACCOUNT_MANAGEMENT,,MULTIPLE_CHOICE,Uso y manejo de datos (Nombre)/¿Para qué se usan y comparten los datos de los usuarios? Selecciona todas las opciones que correspondan./Administración de la cuenta
PSL_DATA_USAGE_RESPONSES:PSL_EMAIL:PSL_DATA_USAGE_COLLECTION_AND_SHARING,PSL_DATA_USAGE_ONLY_COLLECTED,true,MULTIPLE_CHOICE,"Uso y manejo de datos (Dirección de correo electrónico)/¿Estos datos se recopilan, se comparten o ambas?/Recopilados"
PSL_DATA_USAGE_RESPONSES:PSL_EMAIL:PSL_DATA_USAGE_COLLECTION_AND_SHARING,PSL_DATA_USAGE_ONLY_SHARED,,MULTIPLE_CHOICE,"Uso y manejo de datos (Dirección de correo electrónico)/¿Estos datos se recopilan, se comparten o ambas?/Compartidos"
PSL_DATA_USAGE_RESPONSES:PSL_EMAIL:PSL_DATA_USAGE_EPHEMERAL,,false,MAYBE_REQUIRED,Uso y manejo de datos (Dirección de correo electrónico)/¿Estos datos se procesan de forma efímera?
PSL_DATA_USAGE_RESPONSES:PSL_EMAIL:DATA_USAGE_USER_CONTROL,PSL_DATA_USAGE_USER_CONTROL_OPTIONAL,,SINGLE_CHOICE,Uso y manejo de datos (Dirección de correo electrónico)/¿Estos datos son necesarios para tu app o los usuarios pueden decidir si se recopilan o no?/Los usuarios pueden decidir si los datos se recopilan o no
PSL_DATA_USAGE_RESPONSES:PSL_EMAIL:DATA_USAGE_USER_CONTROL,PSL_DATA_USAGE_USER_CONTROL_REQUIRED,true,SINGLE_CHOICE,Uso y manejo de datos (Dirección de correo electrónico)/¿Estos datos son necesarios para tu app o los usuarios pueden decidir si se recopilan o no?/La recopilación de datos es necesaria (los usuarios no pueden desactivar esta opción)
PSL_DATA_USAGE_RESPONSES:PSL_EMAIL:DATA_USAGE_COLLECTION_PURPOSE,PSL_APP_FUNCTIONALITY,true,MULTIPLE_CHOICE,Uso y manejo de datos (Dirección de correo electrónico)/¿Por qué se recopilan los datos de los usuarios? Selecciona todas las opciones que correspondan./Funciones de la app
PSL_DATA_USAGE_RESPONSES:PSL_EMAIL:DATA_USAGE_COLLECTION_PURPOSE,PSL_ANALYTICS,,MULTIPLE_CHOICE,Uso y manejo de datos (Dirección de correo electrónico)/¿Por qué se recopilan los datos de los usuarios? Selecciona todas las opciones que correspondan./Estadísticas
PSL_DATA_USAGE_RESPONSES:PSL_EMAIL:DATA_USAGE_COLLECTION_PURPOSE,PSL_DEVELOPER_COMMUNICATIONS,,MULTIPLE_CHOICE,Uso y manejo de datos (Dirección de correo electrónico)/¿Por qué se recopilan los datos de los usuarios? Selecciona todas las opciones que correspondan./Comunicaciones del desarrollador
PSL_DATA_USAGE_RESPONSES:PSL_EMAIL:DATA_USAGE_COLLECTION_PURPOSE,PSL_FRAUD_PREVENTION_SECURITY,,MULTIPLE_CHOICE,"Uso y manejo de datos (Dirección de correo electrónico)/¿Por qué se recopilan los datos de los usuarios? Selecciona todas las opciones que correspondan./Seguridad, cumplimiento y prevención de fraudes"
PSL_DATA_USAGE_RESPONSES:PSL_EMAIL:DATA_USAGE_COLLECTION_PURPOSE,PSL_ADVERTISING,,MULTIPLE_CHOICE,Uso y manejo de datos (Dirección de correo electrónico)/¿Por qué se recopilan los datos de los usuarios? Selecciona todas las opciones que correspondan./Publicidad o marketing
PSL_DATA_USAGE_RESPONSES:PSL_EMAIL:DATA_USAGE_COLLECTION_PURPOSE,PSL_PERSONALIZATION,,MULTIPLE_CHOICE,Uso y manejo de datos (Dirección de correo electrónico)/¿Por qué se recopilan los datos de los usuarios? Selecciona todas las opciones que correspondan./Personalización
PSL_DATA_USAGE_RESPONSES:PSL_EMAIL:DATA_USAGE_COLLECTION_PURPOSE,PSL_ACCOUNT_MANAGEMENT,true,MULTIPLE_CHOICE,Uso y manejo de datos (Dirección de correo electrónico)/¿Por qué se recopilan los datos de los usuarios? Selecciona todas las opciones que correspondan./Administración de la cuenta
PSL_DATA_USAGE_RESPONSES:PSL_EMAIL:DATA_USAGE_SHARING_PURPOSE,PSL_APP_FUNCTIONALITY,,MULTIPLE_CHOICE,Uso y manejo de datos (Dirección de correo electrónico)/¿Para qué se usan y comparten los datos de los usuarios? Selecciona todas las opciones que correspondan./Funciones de la app
PSL_DATA_USAGE_RESPONSES:PSL_EMAIL:DATA_USAGE_SHARING_PURPOSE,PSL_ANALYTICS,,MULTIPLE_CHOICE,Uso y manejo de datos (Dirección de correo electrónico)/¿Para qué se usan y comparten los datos de los usuarios? Selecciona todas las opciones que correspondan./Estadísticas
PSL_DATA_USAGE_RESPONSES:PSL_EMAIL:DATA_USAGE_SHARING_PURPOSE,PSL_DEVELOPER_COMMUNICATIONS,,MULTIPLE_CHOICE,Uso y manejo de datos (Dirección de correo electrónico)/¿Para qué se usan y comparten los datos de los usuarios? Selecciona todas las opciones que correspondan./Comunicaciones del desarrollador
PSL_DATA_USAGE_RESPONSES:PSL_EMAIL:DATA_USAGE_SHARING_PURPOSE,PSL_FRAUD_PREVENTION_SECURITY,,MULTIPLE_CHOICE,"Uso y manejo de datos (Dirección de correo electrónico)/¿Para qué se usan y comparten los datos de los usuarios? Selecciona todas las opciones que correspondan./Seguridad, cumplimiento y prevención de fraudes"
PSL_DATA_USAGE_RESPONSES:PSL_EMAIL:DATA_USAGE_SHARING_PURPOSE,PSL_ADVERTISING,,MULTIPLE_CHOICE,Uso y manejo de datos (Dirección de correo electrónico)/¿Para qué se usan y comparten los datos de los usuarios? Selecciona todas las opciones que correspondan./Publicidad o marketing
PSL_DATA_USAGE_RESPONSES:PSL_EMAIL:DATA_USAGE_SHARING_PURPOSE,PSL_PERSONALIZATION,,MULTIPLE_CHOICE,Uso y manejo de datos (Dirección de correo electrónico)/¿Para qué se usan y comparten los datos de los usuarios? Selecciona todas las opciones que correspondan./Personalización
PSL_DATA_USAGE_RESPONSES:PSL_EMAIL:DATA_USAGE_SHARING_PURPOSE,PSL_ACCOUNT_MANAGEMENT,,MULTIPLE_CHOICE,Uso y manejo de datos (Dirección de correo electrónico)/¿Para qué se usan y comparten los datos de los usuarios? Selecciona todas las opciones que correspondan./Administración de la cuenta
PSL_DATA_USAGE_RESPONSES:PSL_USER_ACCOUNT:PSL_DATA_USAGE_COLLECTION_AND_SHARING,PSL_DATA_USAGE_ONLY_COLLECTED,true,MULTIPLE_CHOICE,"Uso y manejo de datos (ID de usuario)/¿Estos datos se recopilan, se comparten o ambas?/Recopilados"
PSL_DATA_USAGE_RESPONSES:PSL_USER_ACCOUNT:PSL_DATA_USAGE_COLLECTION_AND_SHARING,PSL_DATA_USAGE_ONLY_SHARED,,MULTIPLE_CHOICE,"Uso y manejo de datos (ID de usuario)/¿Estos datos se recopilan, se comparten o ambas?/Compartidos"
PSL_DATA_USAGE_RESPONSES:PSL_USER_ACCOUNT:PSL_DATA_USAGE_EPHEMERAL,,false,MAYBE_REQUIRED,Uso y manejo de datos (ID de usuario)/¿Estos datos se procesan de forma efímera?
PSL_DATA_USAGE_RESPONSES:PSL_USER_ACCOUNT:DATA_USAGE_USER_CONTROL,PSL_DATA_USAGE_USER_CONTROL_OPTIONAL,,SINGLE_CHOICE,Uso y manejo de datos (ID de usuario)/¿Estos datos son necesarios para tu app o los usuarios pueden decidir si se recopilan o no?/Los usuarios pueden decidir si los datos se recopilan o no
PSL_DATA_USAGE_RESPONSES:PSL_USER_ACCOUNT:DATA_USAGE_USER_CONTROL,PSL_DATA_USAGE_USER_CONTROL_REQUIRED,true,SINGLE_CHOICE,Uso y manejo de datos (ID de usuario)/¿Estos datos son necesarios para tu app o los usuarios pueden decidir si se recopilan o no?/La recopilación de datos es necesaria (los usuarios no pueden desactivar esta opción)
PSL_DATA_USAGE_RESPONSES:PSL_USER_ACCOUNT:DATA_USAGE_COLLECTION_PURPOSE,PSL_APP_FUNCTIONALITY,true,MULTIPLE_CHOICE,Uso y manejo de datos (ID de usuario)/¿Por qué se recopilan los datos de los usuarios? Selecciona todas las opciones que correspondan./Funciones de la app
PSL_DATA_USAGE_RESPONSES:PSL_USER_ACCOUNT:DATA_USAGE_COLLECTION_PURPOSE,PSL_ANALYTICS,,MULTIPLE_CHOICE,Uso y manejo de datos (ID de usuario)/¿Por qué se recopilan los datos de los usuarios? Selecciona todas las opciones que correspondan./Estadísticas
PSL_DATA_USAGE_RESPONSES:PSL_USER_ACCOUNT:DATA_USAGE_COLLECTION_PURPOSE,PSL_DEVELOPER_COMMUNICATIONS,,MULTIPLE_CHOICE,Uso y manejo de datos (ID de usuario)/¿Por qué se recopilan los datos de los usuarios? Selecciona todas las opciones que correspondan./Comunicaciones del desarrollador
PSL_DATA_USAGE_RESPONSES:PSL_USER_ACCOUNT:DATA_USAGE_COLLECTION_PURPOSE,PSL_FRAUD_PREVENTION_SECURITY,,MULTIPLE_CHOICE,"Uso y manejo de datos (ID de usuario)/¿Por qué se recopilan los datos de los usuarios? Selecciona todas las opciones que correspondan./Seguridad, cumplimiento y prevención de fraudes"
PSL_DATA_USAGE_RESPONSES:PSL_USER_ACCOUNT:DATA_USAGE_COLLECTION_PURPOSE,PSL_ADVERTISING,,MULTIPLE_CHOICE,Uso y manejo de datos (ID de usuario)/¿Por qué se recopilan los datos de los usuarios? Selecciona todas las opciones que correspondan./Publicidad o marketing
PSL_DATA_USAGE_RESPONSES:PSL_USER_ACCOUNT:DATA_USAGE_COLLECTION_PURPOSE,PSL_PERSONALIZATION,,MULTIPLE_CHOICE,Uso y manejo de datos (ID de usuario)/¿Por qué se recopilan los datos de los usuarios? Selecciona todas las opciones que correspondan./Personalización
PSL_DATA_USAGE_RESPONSES:PSL_USER_ACCOUNT:DATA_USAGE_COLLECTION_PURPOSE,PSL_ACCOUNT_MANAGEMENT,true,MULTIPLE_CHOICE,Uso y manejo de datos (ID de usuario)/¿Por qué se recopilan los datos de los usuarios? Selecciona todas las opciones que correspondan./Administración de la cuenta
PSL_DATA_USAGE_RESPONSES:PSL_USER_ACCOUNT:DATA_USAGE_SHARING_PURPOSE,PSL_APP_FUNCTIONALITY,,MULTIPLE_CHOICE,Uso y manejo de datos (ID de usuario)/¿Para qué se usan y comparten los datos de los usuarios? Selecciona todas las opciones que correspondan./Funciones de la app
PSL_DATA_USAGE_RESPONSES:PSL_USER_ACCOUNT:DATA_USAGE_SHARING_PURPOSE,PSL_ANALYTICS,,MULTIPLE_CHOICE,Uso y manejo de datos (ID de usuario)/¿Para qué se usan y comparten los datos de los usuarios? Selecciona todas las opciones que correspondan./Estadísticas
PSL_DATA_USAGE_RESPONSES:PSL_USER_ACCOUNT:DATA_USAGE_SHARING_PURPOSE,PSL_DEVELOPER_COMMUNICATIONS,,MULTIPLE_CHOICE,Uso y manejo de datos (ID de usuario)/¿Para qué se usan y comparten los datos de los usuarios? Selecciona todas las opciones que correspondan./Comunicaciones del desarrollador
PSL_DATA_USAGE_RESPONSES:PSL_USER_ACCOUNT:DATA_USAGE_SHARING_PURPOSE,PSL_FRAUD_PREVENTION_SECURITY,,MULTIPLE_CHOICE,"Uso y manejo de datos (ID de usuario)/¿Para qué se usan y comparten los datos de los usuarios? Selecciona todas las opciones que correspondan./Seguridad, cumplimiento y prevención de fraudes"
PSL_DATA_USAGE_RESPONSES:PSL_USER_ACCOUNT:DATA_USAGE_SHARING_PURPOSE,PSL_ADVERTISING,,MULTIPLE_CHOICE,Uso y manejo de datos (ID de usuario)/¿Para qué se usan y comparten los datos de los usuarios? Selecciona todas las opciones que correspondan./Publicidad o marketing
PSL_DATA_USAGE_RESPONSES:PSL_USER_ACCOUNT:DATA_USAGE_SHARING_PURPOSE,PSL_PERSONALIZATION,,MULTIPLE_CHOICE,Uso y manejo de datos (ID de usuario)/¿Para qué se usan y comparten los datos de los usuarios? Selecciona todas las opciones que correspondan./Personalización
PSL_DATA_USAGE_RESPONSES:PSL_USER_ACCOUNT:DATA_USAGE_SHARING_PURPOSE,PSL_ACCOUNT_MANAGEMENT,,MULTIPLE_CHOICE,Uso y manejo de datos (ID de usuario)/¿Para qué se usan y comparten los datos de los usuarios? Selecciona todas las opciones que correspondan./Administración de la cuenta
PSL_DATA_USAGE_RESPONSES:PSL_ADDRESS:PSL_DATA_USAGE_COLLECTION_AND_SHARING,PSL_DATA_USAGE_ONLY_COLLECTED,true,MULTIPLE_CHOICE,"Uso y manejo de datos (Dirección)/¿Estos datos se recopilan, se comparten o ambas?/Recopilados"
PSL_DATA_USAGE_RESPONSES:PSL_ADDRESS:PSL_DATA_USAGE_COLLECTION_AND_SHARING,PSL_DATA_USAGE_ONLY_SHARED,true,MULTIPLE_CHOICE,"Uso y manejo de datos (Dirección)/¿Estos datos se recopilan, se comparten o ambas?/Compartidos"
PSL_DATA_USAGE_RESPONSES:PSL_ADDRESS:PSL_DATA_USAGE_EPHEMERAL,,false,MAYBE_REQUIRED,Uso y manejo de datos (Dirección)/¿Estos datos se procesan de forma efímera?
PSL_DATA_USAGE_RESPONSES:PSL_ADDRESS:DATA_USAGE_USER_CONTROL,PSL_DATA_USAGE_USER_CONTROL_OPTIONAL,,SINGLE_CHOICE,Uso y manejo de datos (Dirección)/¿Estos datos son necesarios para tu app o los usuarios pueden decidir si se recopilan o no?/Los usuarios pueden decidir si los datos se recopilan o no
PSL_DATA_USAGE_RESPONSES:PSL_ADDRESS:DATA_USAGE_USER_CONTROL,PSL_DATA_USAGE_USER_CONTROL_REQUIRED,true,SINGLE_CHOICE,Uso y manejo de datos (Dirección)/¿Estos datos son necesarios para tu app o los usuarios pueden decidir si se recopilan o no?/La recopilación de datos es necesaria (los usuarios no pueden desactivar esta opción)
PSL_DATA_USAGE_RESPONSES:PSL_ADDRESS:DATA_USAGE_COLLECTION_PURPOSE,PSL_APP_FUNCTIONALITY,true,MULTIPLE_CHOICE,Uso y manejo de datos (Dirección)/¿Por qué se recopilan los datos de los usuarios? Selecciona todas las opciones que correspondan./Funciones de la app
PSL_DATA_USAGE_RESPONSES:PSL_ADDRESS:DATA_USAGE_COLLECTION_PURPOSE,PSL_ANALYTICS,,MULTIPLE_CHOICE,Uso y manejo de datos (Dirección)/¿Por qué se recopilan los datos de los usuarios? Selecciona todas las opciones que correspondan./Estadísticas
PSL_DATA_USAGE_RESPONSES:PSL_ADDRESS:DATA_USAGE_COLLECTION_PURPOSE,PSL_DEVELOPER_COMMUNICATIONS,,MULTIPLE_CHOICE,Uso y manejo de datos (Dirección)/¿Por qué se recopilan los datos de los usuarios? Selecciona todas las opciones que correspondan./Comunicaciones del desarrollador
PSL_DATA_USAGE_RESPONSES:PSL_ADDRESS:DATA_USAGE_COLLECTION_PURPOSE,PSL_FRAUD_PREVENTION_SECURITY,,MULTIPLE_CHOICE,"Uso y manejo de datos (Dirección)/¿Por qué se recopilan los datos de los usuarios? Selecciona todas las opciones que correspondan./Seguridad, cumplimiento y prevención de fraudes"
PSL_DATA_USAGE_RESPONSES:PSL_ADDRESS:DATA_USAGE_COLLECTION_PURPOSE,PSL_ADVERTISING,,MULTIPLE_CHOICE,Uso y manejo de datos (Dirección)/¿Por qué se recopilan los datos de los usuarios? Selecciona todas las opciones que correspondan./Publicidad o marketing
PSL_DATA_USAGE_RESPONSES:PSL_ADDRESS:DATA_USAGE_COLLECTION_PURPOSE,PSL_PERSONALIZATION,,MULTIPLE_CHOICE,Uso y manejo de datos (Dirección)/¿Por qué se recopilan los datos de los usuarios? Selecciona todas las opciones que correspondan./Personalización
PSL_DATA_USAGE_RESPONSES:PSL_ADDRESS:DATA_USAGE_COLLECTION_PURPOSE,PSL_ACCOUNT_MANAGEMENT,,MULTIPLE_CHOICE,Uso y manejo de datos (Dirección)/¿Por qué se recopilan los datos de los usuarios? Selecciona todas las opciones que correspondan./Administración de la cuenta
PSL_DATA_USAGE_RESPONSES:PSL_ADDRESS:DATA_USAGE_SHARING_PURPOSE,PSL_APP_FUNCTIONALITY,true,MULTIPLE_CHOICE,Uso y manejo de datos (Dirección)/¿Para qué se usan y comparten los datos de los usuarios? Selecciona todas las opciones que correspondan./Funciones de la app
PSL_DATA_USAGE_RESPONSES:PSL_ADDRESS:DATA_USAGE_SHARING_PURPOSE,PSL_ANALYTICS,,MULTIPLE_CHOICE,Uso y manejo de datos (Dirección)/¿Para qué se usan y comparten los datos de los usuarios? Selecciona todas las opciones que correspondan./Estadísticas
PSL_DATA_USAGE_RESPONSES:PSL_ADDRESS:DATA_USAGE_SHARING_PURPOSE,PSL_DEVELOPER_COMMUNICATIONS,,MULTIPLE_CHOICE,Uso y manejo de datos (Dirección)/¿Para qué se usan y comparten los datos de los usuarios? Selecciona todas las opciones que correspondan./Comunicaciones del desarrollador
PSL_DATA_USAGE_RESPONSES:PSL_ADDRESS:DATA_USAGE_SHARING_PURPOSE,PSL_FRAUD_PREVENTION_SECURITY,,MULTIPLE_CHOICE,"Uso y manejo de datos (Dirección)/¿Para qué se usan y comparten los datos de los usuarios? Selecciona todas las opciones que correspondan./Seguridad, cumplimiento y prevención de fraudes"
PSL_DATA_USAGE_RESPONSES:PSL_ADDRESS:DATA_USAGE_SHARING_PURPOSE,PSL_ADVERTISING,,MULTIPLE_CHOICE,Uso y manejo de datos (Dirección)/¿Para qué se usan y comparten los datos de los usuarios? Selecciona todas las opciones que correspondan./Publicidad o marketing
PSL_DATA_USAGE_RESPONSES:PSL_ADDRESS:DATA_USAGE_SHARING_PURPOSE,PSL_PERSONALIZATION,,MULTIPLE_CHOICE,Uso y manejo de datos (Dirección)/¿Para qué se usan y comparten los datos de los usuarios? Selecciona todas las opciones que correspondan./Personalización
PSL_DATA_USAGE_RESPONSES:PSL_ADDRESS:DATA_USAGE_SHARING_PURPOSE,PSL_ACCOUNT_MANAGEMENT,,MULTIPLE_CHOICE,Uso y manejo de datos (Dirección)/¿Para qué se usan y comparten los datos de los usuarios? Selecciona todas las opciones que correspondan./Administración de la cuenta
PSL_DATA_USAGE_RESPONSES:PSL_PHONE:PSL_DATA_USAGE_COLLECTION_AND_SHARING,PSL_DATA_USAGE_ONLY_COLLECTED,true,MULTIPLE_CHOICE,"Uso y manejo de datos (Número de teléfono)/¿Estos datos se recopilan, se comparten o ambas?/Recopilados"
PSL_DATA_USAGE_RESPONSES:PSL_PHONE:PSL_DATA_USAGE_COLLECTION_AND_SHARING,PSL_DATA_USAGE_ONLY_SHARED,true,MULTIPLE_CHOICE,"Uso y manejo de datos (Número de teléfono)/¿Estos datos se recopilan, se comparten o ambas?/Compartidos"
PSL_DATA_USAGE_RESPONSES:PSL_PHONE:PSL_DATA_USAGE_EPHEMERAL,,false,MAYBE_REQUIRED,Uso y manejo de datos (Número de teléfono)/¿Estos datos se procesan de forma efímera?
PSL_DATA_USAGE_RESPONSES:PSL_PHONE:DATA_USAGE_USER_CONTROL,PSL_DATA_USAGE_USER_CONTROL_OPTIONAL,,SINGLE_CHOICE,Uso y manejo de datos (Número de teléfono)/¿Estos datos son necesarios para tu app o los usuarios pueden decidir si se recopilan o no?/Los usuarios pueden decidir si los datos se recopilan o no
PSL_DATA_USAGE_RESPONSES:PSL_PHONE:DATA_USAGE_USER_CONTROL,PSL_DATA_USAGE_USER_CONTROL_REQUIRED,true,SINGLE_CHOICE,Uso y manejo de datos (Número de teléfono)/¿Estos datos son necesarios para tu app o los usuarios pueden decidir si se recopilan o no?/La recopilación de datos es necesaria (los usuarios no pueden desactivar esta opción)
PSL_DATA_USAGE_RESPONSES:PSL_PHONE:DATA_USAGE_COLLECTION_PURPOSE,PSL_APP_FUNCTIONALITY,true,MULTIPLE_CHOICE,Uso y manejo de datos (Número de teléfono)/¿Por qué se recopilan los datos de los usuarios? Selecciona todas las opciones que correspondan./Funciones de la app
PSL_DATA_USAGE_RESPONSES:PSL_PHONE:DATA_USAGE_COLLECTION_PURPOSE,PSL_ANALYTICS,,MULTIPLE_CHOICE,Uso y manejo de datos (Número de teléfono)/¿Por qué se recopilan los datos de los usuarios? Selecciona todas las opciones que correspondan./Estadísticas
PSL_DATA_USAGE_RESPONSES:PSL_PHONE:DATA_USAGE_COLLECTION_PURPOSE,PSL_DEVELOPER_COMMUNICATIONS,,MULTIPLE_CHOICE,Uso y manejo de datos (Número de teléfono)/¿Por qué se recopilan los datos de los usuarios? Selecciona todas las opciones que correspondan./Comunicaciones del desarrollador
PSL_DATA_USAGE_RESPONSES:PSL_PHONE:DATA_USAGE_COLLECTION_PURPOSE,PSL_FRAUD_PREVENTION_SECURITY,,MULTIPLE_CHOICE,"Uso y manejo de datos (Número de teléfono)/¿Por qué se recopilan los datos de los usuarios? Selecciona todas las opciones que correspondan./Seguridad, cumplimiento y prevención de fraudes"
PSL_DATA_USAGE_RESPONSES:PSL_PHONE:DATA_USAGE_COLLECTION_PURPOSE,PSL_ADVERTISING,,MULTIPLE_CHOICE,Uso y manejo de datos (Número de teléfono)/¿Por qué se recopilan los datos de los usuarios? Selecciona todas las opciones que correspondan./Publicidad o marketing
PSL_DATA_USAGE_RESPONSES:PSL_PHONE:DATA_USAGE_COLLECTION_PURPOSE,PSL_PERSONALIZATION,,MULTIPLE_CHOICE,Uso y manejo de datos (Número de teléfono)/¿Por qué se recopilan los datos de los usuarios? Selecciona todas las opciones que correspondan./Personalización
PSL_DATA_USAGE_RESPONSES:PSL_PHONE:DATA_USAGE_COLLECTION_PURPOSE,PSL_ACCOUNT_MANAGEMENT,,MULTIPLE_CHOICE,Uso y manejo de datos (Número de teléfono)/¿Por qué se recopilan los datos de los usuarios? Selecciona todas las opciones que correspondan./Administración de la cuenta
PSL_DATA_USAGE_RESPONSES:PSL_PHONE:DATA_USAGE_SHARING_PURPOSE,PSL_APP_FUNCTIONALITY,true,MULTIPLE_CHOICE,Uso y manejo de datos (Número de teléfono)/¿Para qué se usan y comparten los datos de los usuarios? Selecciona todas las opciones que correspondan./Funciones de la app
PSL_DATA_USAGE_RESPONSES:PSL_PHONE:DATA_USAGE_SHARING_PURPOSE,PSL_ANALYTICS,,MULTIPLE_CHOICE,Uso y manejo de datos (Número de teléfono)/¿Para qué se usan y comparten los datos de los usuarios? Selecciona todas las opciones que correspondan./Estadísticas
PSL_DATA_USAGE_RESPONSES:PSL_PHONE:DATA_USAGE_SHARING_PURPOSE,PSL_DEVELOPER_COMMUNICATIONS,,MULTIPLE_CHOICE,Uso y manejo de datos (Número de teléfono)/¿Para qué se usan y comparten los datos de los usuarios? Selecciona todas las opciones que correspondan./Comunicaciones del desarrollador
PSL_DATA_USAGE_RESPONSES:PSL_PHONE:DATA_USAGE_SHARING_PURPOSE,PSL_FRAUD_PREVENTION_SECURITY,,MULTIPLE_CHOICE,"Uso y manejo de datos (Número de teléfono)/¿Para qué se usan y comparten los datos de los usuarios? Selecciona todas las opciones que correspondan./Seguridad, cumplimiento y prevención de fraudes"
PSL_DATA_USAGE_RESPONSES:PSL_PHONE:DATA_USAGE_SHARING_PURPOSE,PSL_ADVERTISING,,MULTIPLE_CHOICE,Uso y manejo de datos (Número de teléfono)/¿Para qué se usan y comparten los datos de los usuarios? Selecciona todas las opciones que correspondan./Publicidad o marketing
PSL_DATA_USAGE_RESPONSES:PSL_PHONE:DATA_USAGE_SHARING_PURPOSE,PSL_PERSONALIZATION,,MULTIPLE_CHOICE,Uso y manejo de datos (Número de teléfono)/¿Para qué se usan y comparten los datos de los usuarios? Selecciona todas las opciones que correspondan./Personalización
PSL_DATA_USAGE_RESPONSES:PSL_PHONE:DATA_USAGE_SHARING_PURPOSE,PSL_ACCOUNT_MANAGEMENT,,MULTIPLE_CHOICE,Uso y manejo de datos (Número de teléfono)/¿Para qué se usan y comparten los datos de los usuarios? Selecciona todas las opciones que correspondan./Administración de la cuenta
PSL_DATA_USAGE_RESPONSES:PSL_RACE_ETHNICITY:PSL_DATA_USAGE_COLLECTION_AND_SHARING,PSL_DATA_USAGE_ONLY_COLLECTED,,MULTIPLE_CHOICE,"Uso y manejo de datos (Raza y etnia)/¿Estos datos se recopilan, se comparten o ambas?/Recopilados"
PSL_DATA_USAGE_RESPONSES:PSL_RACE_ETHNICITY:PSL_DATA_USAGE_COLLECTION_AND_SHARING,PSL_DATA_USAGE_ONLY_SHARED,,MULTIPLE_CHOICE,"Uso y manejo de datos (Raza y etnia)/¿Estos datos se recopilan, se comparten o ambas?/Compartidos"
PSL_DATA_USAGE_RESPONSES:PSL_RACE_ETHNICITY:PSL_DATA_USAGE_EPHEMERAL,,,MAYBE_REQUIRED,Uso y manejo de datos (Raza y etnia)/¿Estos datos se procesan de forma efímera?
PSL_DATA_USAGE_RESPONSES:PSL_RACE_ETHNICITY:DATA_USAGE_USER_CONTROL,PSL_DATA_USAGE_USER_CONTROL_OPTIONAL,,SINGLE_CHOICE,Uso y manejo de datos (Raza y etnia)/¿Estos datos son necesarios para tu app o los usuarios pueden decidir si se recopilan o no?/Los usuarios pueden decidir si los datos se recopilan o no
PSL_DATA_USAGE_RESPONSES:PSL_RACE_ETHNICITY:DATA_USAGE_USER_CONTROL,PSL_DATA_USAGE_USER_CONTROL_REQUIRED,,SINGLE_CHOICE,Uso y manejo de datos (Raza y etnia)/¿Estos datos son necesarios para tu app o los usuarios pueden decidir si se recopilan o no?/La recopilación de datos es necesaria (los usuarios no pueden desactivar esta opción)
PSL_DATA_USAGE_RESPONSES:PSL_RACE_ETHNICITY:DATA_USAGE_COLLECTION_PURPOSE,PSL_APP_FUNCTIONALITY,,MULTIPLE_CHOICE,Uso y manejo de datos (Raza y etnia)/¿Por qué se recopilan los datos de los usuarios? Selecciona todas las opciones que correspondan./Funciones de la app
PSL_DATA_USAGE_RESPONSES:PSL_RACE_ETHNICITY:DATA_USAGE_COLLECTION_PURPOSE,PSL_ANALYTICS,,MULTIPLE_CHOICE,Uso y manejo de datos (Raza y etnia)/¿Por qué se recopilan los datos de los usuarios? Selecciona todas las opciones que correspondan./Estadísticas
PSL_DATA_USAGE_RESPONSES:PSL_RACE_ETHNICITY:DATA_USAGE_COLLECTION_PURPOSE,PSL_DEVELOPER_COMMUNICATIONS,,MULTIPLE_CHOICE,Uso y manejo de datos (Raza y etnia)/¿Por qué se recopilan los datos de los usuarios? Selecciona todas las opciones que correspondan./Comunicaciones del desarrollador
PSL_DATA_USAGE_RESPONSES:PSL_RACE_ETHNICITY:DATA_USAGE_COLLECTION_PURPOSE,PSL_FRAUD_PREVENTION_SECURITY,,MULTIPLE_CHOICE,"Uso y manejo de datos (Raza y etnia)/¿Por qué se recopilan los datos de los usuarios? Selecciona todas las opciones que correspondan./Seguridad, cumplimiento y prevención de fraudes"
PSL_DATA_USAGE_RESPONSES:PSL_RACE_ETHNICITY:DATA_USAGE_COLLECTION_PURPOSE,PSL_ADVERTISING,,MULTIPLE_CHOICE,Uso y manejo de datos (Raza y etnia)/¿Por qué se recopilan los datos de los usuarios? Selecciona todas las opciones que correspondan./Publicidad o marketing
PSL_DATA_USAGE_RESPONSES:PSL_RACE_ETHNICITY:DATA_USAGE_COLLECTION_PURPOSE,PSL_PERSONALIZATION,,MULTIPLE_CHOICE,Uso y manejo de datos (Raza y etnia)/¿Por qué se recopilan los datos de los usuarios? Selecciona todas las opciones que correspondan./Personalización
PSL_DATA_USAGE_RESPONSES:PSL_RACE_ETHNICITY:DATA_USAGE_COLLECTION_PURPOSE,PSL_ACCOUNT_MANAGEMENT,,MULTIPLE_CHOICE,Uso y manejo de datos (Raza y etnia)/¿Por qué se recopilan los datos de los usuarios? Selecciona todas las opciones que correspondan./Administración de la cuenta
PSL_DATA_USAGE_RESPONSES:PSL_RACE_ETHNICITY:DATA_USAGE_SHARING_PURPOSE,PSL_APP_FUNCTIONALITY,,MULTIPLE_CHOICE,Uso y manejo de datos (Raza y etnia)/¿Para qué se usan y comparten los datos de los usuarios? Selecciona todas las opciones que correspondan./Funciones de la app
PSL_DATA_USAGE_RESPONSES:PSL_RACE_ETHNICITY:DATA_USAGE_SHARING_PURPOSE,PSL_ANALYTICS,,MULTIPLE_CHOICE,Uso y manejo de datos (Raza y etnia)/¿Para qué se usan y comparten los datos de los usuarios? Selecciona todas las opciones que correspondan./Estadísticas
PSL_DATA_USAGE_RESPONSES:PSL_RACE_ETHNICITY:DATA_USAGE_SHARING_PURPOSE,PSL_DEVELOPER_COMMUNICATIONS,,MULTIPLE_CHOICE,Uso y manejo de datos (Raza y etnia)/¿Para qué se usan y comparten los datos de los usuarios? Selecciona todas las opciones que correspondan./Comunicaciones del desarrollador
PSL_DATA_USAGE_RESPONSES:PSL_RACE_ETHNICITY:DATA_USAGE_SHARING_PURPOSE,PSL_FRAUD_PREVENTION_SECURITY,,MULTIPLE_CHOICE,"Uso y manejo de datos (Raza y etnia)/¿Para qué se usan y comparten los datos de los usuarios? Selecciona todas las opciones que correspondan./Seguridad, cumplimiento y prevención de fraudes"
PSL_DATA_USAGE_RESPONSES:PSL_RACE_ETHNICITY:DATA_USAGE_SHARING_PURPOSE,PSL_ADVERTISING,,MULTIPLE_CHOICE,Uso y manejo de datos (Raza y etnia)/¿Para qué se usan y comparten los datos de los usuarios? Selecciona todas las opciones que correspondan./Publicidad o marketing
PSL_DATA_USAGE_RESPONSES:PSL_RACE_ETHNICITY:DATA_USAGE_SHARING_PURPOSE,PSL_PERSONALIZATION,,MULTIPLE_CHOICE,Uso y manejo de datos (Raza y etnia)/¿Para qué se usan y comparten los datos de los usuarios? Selecciona todas las opciones que correspondan./Personalización
PSL_DATA_USAGE_RESPONSES:PSL_RACE_ETHNICITY:DATA_USAGE_SHARING_PURPOSE,PSL_ACCOUNT_MANAGEMENT,,MULTIPLE_CHOICE,Uso y manejo de datos (Raza y etnia)/¿Para qué se usan y comparten los datos de los usuarios? Selecciona todas las opciones que correspondan./Administración de la cuenta
PSL_DATA_USAGE_RESPONSES:PSL_POLITICAL_RELIGIOUS:PSL_DATA_USAGE_COLLECTION_AND_SHARING,PSL_DATA_USAGE_ONLY_COLLECTED,,MULTIPLE_CHOICE,"Uso y manejo de datos (Creencias políticas y religiosas)/¿Estos datos se recopilan, se comparten o ambas?/Recopilados"
PSL_DATA_USAGE_RESPONSES:PSL_POLITICAL_RELIGIOUS:PSL_DATA_USAGE_COLLECTION_AND_SHARING,PSL_DATA_USAGE_ONLY_SHARED,,MULTIPLE_CHOICE,"Uso y manejo de datos (Creencias políticas y religiosas)/¿Estos datos se recopilan, se comparten o ambas?/Compartidos"
PSL_DATA_USAGE_RESPONSES:PSL_POLITICAL_RELIGIOUS:PSL_DATA_USAGE_EPHEMERAL,,,MAYBE_REQUIRED,Uso y manejo de datos (Creencias políticas y religiosas)/¿Estos datos se procesan de forma efímera?
PSL_DATA_USAGE_RESPONSES:PSL_POLITICAL_RELIGIOUS:DATA_USAGE_USER_CONTROL,PSL_DATA_USAGE_USER_CONTROL_OPTIONAL,,SINGLE_CHOICE,Uso y manejo de datos (Creencias políticas y religiosas)/¿Estos datos son necesarios para tu app o los usuarios pueden decidir si se recopilan o no?/Los usuarios pueden decidir si los datos se recopilan o no
PSL_DATA_USAGE_RESPONSES:PSL_POLITICAL_RELIGIOUS:DATA_USAGE_USER_CONTROL,PSL_DATA_USAGE_USER_CONTROL_REQUIRED,,SINGLE_CHOICE,Uso y manejo de datos (Creencias políticas y religiosas)/¿Estos datos son necesarios para tu app o los usuarios pueden decidir si se recopilan o no?/La recopilación de datos es necesaria (los usuarios no pueden desactivar esta opción)
PSL_DATA_USAGE_RESPONSES:PSL_POLITICAL_RELIGIOUS:DATA_USAGE_COLLECTION_PURPOSE,PSL_APP_FUNCTIONALITY,,MULTIPLE_CHOICE,Uso y manejo de datos (Creencias políticas y religiosas)/¿Por qué se recopilan los datos de los usuarios? Selecciona todas las opciones que correspondan./Funciones de la app
PSL_DATA_USAGE_RESPONSES:PSL_POLITICAL_RELIGIOUS:DATA_USAGE_COLLECTION_PURPOSE,PSL_ANALYTICS,,MULTIPLE_CHOICE,Uso y manejo de datos (Creencias políticas y religiosas)/¿Por qué se recopilan los datos de los usuarios? Selecciona todas las opciones que correspondan./Estadísticas
PSL_DATA_USAGE_RESPONSES:PSL_POLITICAL_RELIGIOUS:DATA_USAGE_COLLECTION_PURPOSE,PSL_DEVELOPER_COMMUNICATIONS,,MULTIPLE_CHOICE,Uso y manejo de datos (Creencias políticas y religiosas)/¿Por qué se recopilan los datos de los usuarios? Selecciona todas las opciones que correspondan./Comunicaciones del desarrollador
PSL_DATA_USAGE_RESPONSES:PSL_POLITICAL_RELIGIOUS:DATA_USAGE_COLLECTION_PURPOSE,PSL_FRAUD_PREVENTION_SECURITY,,MULTIPLE_CHOICE,"Uso y manejo de datos (Creencias políticas y religiosas)/¿Por qué se recopilan los datos de los usuarios? Selecciona todas las opciones que correspondan./Seguridad, cumplimiento y prevención de fraudes"
PSL_DATA_USAGE_RESPONSES:PSL_POLITICAL_RELIGIOUS:DATA_USAGE_COLLECTION_PURPOSE,PSL_ADVERTISING,,MULTIPLE_CHOICE,Uso y manejo de datos (Creencias políticas y religiosas)/¿Por qué se recopilan los datos de los usuarios? Selecciona todas las opciones que correspondan./Publicidad o marketing
PSL_DATA_USAGE_RESPONSES:PSL_POLITICAL_RELIGIOUS:DATA_USAGE_COLLECTION_PURPOSE,PSL_PERSONALIZATION,,MULTIPLE_CHOICE,Uso y manejo de datos (Creencias políticas y religiosas)/¿Por qué se recopilan los datos de los usuarios? Selecciona todas las opciones que correspondan./Personalización
PSL_DATA_USAGE_RESPONSES:PSL_POLITICAL_RELIGIOUS:DATA_USAGE_COLLECTION_PURPOSE,PSL_ACCOUNT_MANAGEMENT,,MULTIPLE_CHOICE,Uso y manejo de datos (Creencias políticas y religiosas)/¿Por qué se recopilan los datos de los usuarios? Selecciona todas las opciones que correspondan./Administración de la cuenta
PSL_DATA_USAGE_RESPONSES:PSL_POLITICAL_RELIGIOUS:DATA_USAGE_SHARING_PURPOSE,PSL_APP_FUNCTIONALITY,,MULTIPLE_CHOICE,Uso y manejo de datos (Creencias políticas y religiosas)/¿Para qué se usan y comparten los datos de los usuarios? Selecciona todas las opciones que correspondan./Funciones de la app
PSL_DATA_USAGE_RESPONSES:PSL_POLITICAL_RELIGIOUS:DATA_USAGE_SHARING_PURPOSE,PSL_ANALYTICS,,MULTIPLE_CHOICE,Uso y manejo de datos (Creencias políticas y religiosas)/¿Para qué se usan y comparten los datos de los usuarios? Selecciona todas las opciones que correspondan./Estadísticas
PSL_DATA_USAGE_RESPONSES:PSL_POLITICAL_RELIGIOUS:DATA_USAGE_SHARING_PURPOSE,PSL_DEVELOPER_COMMUNICATIONS,,MULTIPLE_CHOICE,Uso y manejo de datos (Creencias políticas y religiosas)/¿Para qué se usan y comparten los datos de los usuarios? Selecciona todas las opciones que correspondan./Comunicaciones del desarrollador
PSL_DATA_USAGE_RESPONSES:PSL_POLITICAL_RELIGIOUS:DATA_USAGE_SHARING_PURPOSE,PSL_FRAUD_PREVENTION_SECURITY,,MULTIPLE_CHOICE,"Uso y manejo de datos (Creencias políticas y religiosas)/¿Para qué se usan y comparten los datos de los usuarios? Selecciona todas las opciones que correspondan./Seguridad, cumplimiento y prevención de fraudes"
PSL_DATA_USAGE_RESPONSES:PSL_POLITICAL_RELIGIOUS:DATA_USAGE_SHARING_PURPOSE,PSL_ADVERTISING,,MULTIPLE_CHOICE,Uso y manejo de datos (Creencias políticas y religiosas)/¿Para qué se usan y comparten los datos de los usuarios? Selecciona todas las opciones que correspondan./Publicidad o marketing
PSL_DATA_USAGE_RESPONSES:PSL_POLITICAL_RELIGIOUS:DATA_USAGE_SHARING_PURPOSE,PSL_PERSONALIZATION,,MULTIPLE_CHOICE,Uso y manejo de datos (Creencias políticas y religiosas)/¿Para qué se usan y comparten los datos de los usuarios? Selecciona todas las opciones que correspondan./Personalización
PSL_DATA_USAGE_RESPONSES:PSL_POLITICAL_RELIGIOUS:DATA_USAGE_SHARING_PURPOSE,PSL_ACCOUNT_MANAGEMENT,,MULTIPLE_CHOICE,Uso y manejo de datos (Creencias políticas y religiosas)/¿Para qué se usan y comparten los datos de los usuarios? Selecciona todas las opciones que correspondan./Administración de la cuenta
PSL_DATA_USAGE_RESPONSES:PSL_SEXUAL_ORIENTATION_GENDER_IDENTITY:PSL_DATA_USAGE_COLLECTION_AND_SHARING,PSL_DATA_USAGE_ONLY_COLLECTED,,MULTIPLE_CHOICE,"Uso y manejo de datos (Orientación sexual)/¿Estos datos se recopilan, se comparten o ambas?/Recopilados"
PSL_DATA_USAGE_RESPONSES:PSL_SEXUAL_ORIENTATION_GENDER_IDENTITY:PSL_DATA_USAGE_COLLECTION_AND_SHARING,PSL_DATA_USAGE_ONLY_SHARED,,MULTIPLE_CHOICE,"Uso y manejo de datos (Orientación sexual)/¿Estos datos se recopilan, se comparten o ambas?/Compartidos"
PSL_DATA_USAGE_RESPONSES:PSL_SEXUAL_ORIENTATION_GENDER_IDENTITY:PSL_DATA_USAGE_EPHEMERAL,,,MAYBE_REQUIRED,Uso y manejo de datos (Orientación sexual)/¿Estos datos se procesan de forma efímera?
PSL_DATA_USAGE_RESPONSES:PSL_SEXUAL_ORIENTATION_GENDER_IDENTITY:DATA_USAGE_USER_CONTROL,PSL_DATA_USAGE_USER_CONTROL_OPTIONAL,,SINGLE_CHOICE,Uso y manejo de datos (Orientación sexual)/¿Estos datos son necesarios para tu app o los usuarios pueden decidir si se recopilan o no?/Los usuarios pueden decidir si los datos se recopilan o no
PSL_DATA_USAGE_RESPONSES:PSL_SEXUAL_ORIENTATION_GENDER_IDENTITY:DATA_USAGE_USER_CONTROL,PSL_DATA_USAGE_USER_CONTROL_REQUIRED,,SINGLE_CHOICE,Uso y manejo de datos (Orientación sexual)/¿Estos datos son necesarios para tu app o los usuarios pueden decidir si se recopilan o no?/La recopilación de datos es necesaria (los usuarios no pueden desactivar esta opción)
PSL_DATA_USAGE_RESPONSES:PSL_SEXUAL_ORIENTATION_GENDER_IDENTITY:DATA_USAGE_COLLECTION_PURPOSE,PSL_APP_FUNCTIONALITY,,MULTIPLE_CHOICE,Uso y manejo de datos (Orientación sexual)/¿Por qué se recopilan los datos de los usuarios? Selecciona todas las opciones que correspondan./Funciones de la app
PSL_DATA_USAGE_RESPONSES:PSL_SEXUAL_ORIENTATION_GENDER_IDENTITY:DATA_USAGE_COLLECTION_PURPOSE,PSL_ANALYTICS,,MULTIPLE_CHOICE,Uso y manejo de datos (Orientación sexual)/¿Por qué se recopilan los datos de los usuarios? Selecciona todas las opciones que correspondan./Estadísticas
PSL_DATA_USAGE_RESPONSES:PSL_SEXUAL_ORIENTATION_GENDER_IDENTITY:DATA_USAGE_COLLECTION_PURPOSE,PSL_DEVELOPER_COMMUNICATIONS,,MULTIPLE_CHOICE,Uso y manejo de datos (Orientación sexual)/¿Por qué se recopilan los datos de los usuarios? Selecciona todas las opciones que correspondan./Comunicaciones del desarrollador
PSL_DATA_USAGE_RESPONSES:PSL_SEXUAL_ORIENTATION_GENDER_IDENTITY:DATA_USAGE_COLLECTION_PURPOSE,PSL_FRAUD_PREVENTION_SECURITY,,MULTIPLE_CHOICE,"Uso y manejo de datos (Orientación sexual)/¿Por qué se recopilan los datos de los usuarios? Selecciona todas las opciones que correspondan./Seguridad, cumplimiento y prevención de fraudes"
PSL_DATA_USAGE_RESPONSES:PSL_SEXUAL_ORIENTATION_GENDER_IDENTITY:DATA_USAGE_COLLECTION_PURPOSE,PSL_ADVERTISING,,MULTIPLE_CHOICE,Uso y manejo de datos (Orientación sexual)/¿Por qué se recopilan los datos de los usuarios? Selecciona todas las opciones que correspondan./Publicidad o marketing
PSL_DATA_USAGE_RESPONSES:PSL_SEXUAL_ORIENTATION_GENDER_IDENTITY:DATA_USAGE_COLLECTION_PURPOSE,PSL_PERSONALIZATION,,MULTIPLE_CHOICE,Uso y manejo de datos (Orientación sexual)/¿Por qué se recopilan los datos de los usuarios? Selecciona todas las opciones que correspondan./Personalización
PSL_DATA_USAGE_RESPONSES:PSL_SEXUAL_ORIENTATION_GENDER_IDENTITY:DATA_USAGE_COLLECTION_PURPOSE,PSL_ACCOUNT_MANAGEMENT,,MULTIPLE_CHOICE,Uso y manejo de datos (Orientación sexual)/¿Por qué se recopilan los datos de los usuarios? Selecciona todas las opciones que correspondan./Administración de la cuenta
PSL_DATA_USAGE_RESPONSES:PSL_SEXUAL_ORIENTATION_GENDER_IDENTITY:DATA_USAGE_SHARING_PURPOSE,PSL_APP_FUNCTIONALITY,,MULTIPLE_CHOICE,Uso y manejo de datos (Orientación sexual)/¿Para qué se usan y comparten los datos de los usuarios? Selecciona todas las opciones que correspondan./Funciones de la app
PSL_DATA_USAGE_RESPONSES:PSL_SEXUAL_ORIENTATION_GENDER_IDENTITY:DATA_USAGE_SHARING_PURPOSE,PSL_ANALYTICS,,MULTIPLE_CHOICE,Uso y manejo de datos (Orientación sexual)/¿Para qué se usan y comparten los datos de los usuarios? Selecciona todas las opciones que correspondan./Estadísticas
PSL_DATA_USAGE_RESPONSES:PSL_SEXUAL_ORIENTATION_GENDER_IDENTITY:DATA_USAGE_SHARING_PURPOSE,PSL_DEVELOPER_COMMUNICATIONS,,MULTIPLE_CHOICE,Uso y manejo de datos (Orientación sexual)/¿Para qué se usan y comparten los datos de los usuarios? Selecciona todas las opciones que correspondan./Comunicaciones del desarrollador
PSL_DATA_USAGE_RESPONSES:PSL_SEXUAL_ORIENTATION_GENDER_IDENTITY:DATA_USAGE_SHARING_PURPOSE,PSL_FRAUD_PREVENTION_SECURITY,,MULTIPLE_CHOICE,"Uso y manejo de datos (Orientación sexual)/¿Para qué se usan y comparten los datos de los usuarios? Selecciona todas las opciones que correspondan./Seguridad, cumplimiento y prevención de fraudes"
PSL_DATA_USAGE_RESPONSES:PSL_SEXUAL_ORIENTATION_GENDER_IDENTITY:DATA_USAGE_SHARING_PURPOSE,PSL_ADVERTISING,,MULTIPLE_CHOICE,Uso y manejo de datos (Orientación sexual)/¿Para qué se usan y comparten los datos de los usuarios? Selecciona todas las opciones que correspondan./Publicidad o marketing
PSL_DATA_USAGE_RESPONSES:PSL_SEXUAL_ORIENTATION_GENDER_IDENTITY:DATA_USAGE_SHARING_PURPOSE,PSL_PERSONALIZATION,,MULTIPLE_CHOICE,Uso y manejo de datos (Orientación sexual)/¿Para qué se usan y comparten los datos de los usuarios? Selecciona todas las opciones que correspondan./Personalización
PSL_DATA_USAGE_RESPONSES:PSL_SEXUAL_ORIENTATION_GENDER_IDENTITY:DATA_USAGE_SHARING_PURPOSE,PSL_ACCOUNT_MANAGEMENT,,MULTIPLE_CHOICE,Uso y manejo de datos (Orientación sexual)/¿Para qué se usan y comparten los datos de los usuarios? Selecciona todas las opciones que correspondan./Administración de la cuenta
PSL_DATA_USAGE_RESPONSES:PSL_OTHER_PERSONAL:PSL_DATA_USAGE_COLLECTION_AND_SHARING,PSL_DATA_USAGE_ONLY_COLLECTED,,MULTIPLE_CHOICE,"Uso y manejo de datos (Otra información)/¿Estos datos se recopilan, se comparten o ambas?/Recopilados"
PSL_DATA_USAGE_RESPONSES:PSL_OTHER_PERSONAL:PSL_DATA_USAGE_COLLECTION_AND_SHARING,PSL_DATA_USAGE_ONLY_SHARED,,MULTIPLE_CHOICE,"Uso y manejo de datos (Otra información)/¿Estos datos se recopilan, se comparten o ambas?/Compartidos"
PSL_DATA_USAGE_RESPONSES:PSL_OTHER_PERSONAL:PSL_DATA_USAGE_EPHEMERAL,,,MAYBE_REQUIRED,Uso y manejo de datos (Otra información)/¿Estos datos se procesan de forma efímera?
PSL_DATA_USAGE_RESPONSES:PSL_OTHER_PERSONAL:DATA_USAGE_USER_CONTROL,PSL_DATA_USAGE_USER_CONTROL_OPTIONAL,,SINGLE_CHOICE,Uso y manejo de datos (Otra información)/¿Estos datos son necesarios para tu app o los usuarios pueden decidir si se recopilan o no?/Los usuarios pueden decidir si los datos se recopilan o no
PSL_DATA_USAGE_RESPONSES:PSL_OTHER_PERSONAL:DATA_USAGE_USER_CONTROL,PSL_DATA_USAGE_USER_CONTROL_REQUIRED,,SINGLE_CHOICE,Uso y manejo de datos (Otra información)/¿Estos datos son necesarios para tu app o los usuarios pueden decidir si se recopilan o no?/La recopilación de datos es necesaria (los usuarios no pueden desactivar esta opción)
PSL_DATA_USAGE_RESPONSES:PSL_OTHER_PERSONAL:DATA_USAGE_COLLECTION_PURPOSE,PSL_APP_FUNCTIONALITY,,MULTIPLE_CHOICE,Uso y manejo de datos (Otra información)/¿Por qué se recopilan los datos de los usuarios? Selecciona todas las opciones que correspondan./Funciones de la app
PSL_DATA_USAGE_RESPONSES:PSL_OTHER_PERSONAL:DATA_USAGE_COLLECTION_PURPOSE,PSL_ANALYTICS,,MULTIPLE_CHOICE,Uso y manejo de datos (Otra información)/¿Por qué se recopilan los datos de los usuarios? Selecciona todas las opciones que correspondan./Estadísticas
PSL_DATA_USAGE_RESPONSES:PSL_OTHER_PERSONAL:DATA_USAGE_COLLECTION_PURPOSE,PSL_DEVELOPER_COMMUNICATIONS,,MULTIPLE_CHOICE,Uso y manejo de datos (Otra información)/¿Por qué se recopilan los datos de los usuarios? Selecciona todas las opciones que correspondan./Comunicaciones del desarrollador
PSL_DATA_USAGE_RESPONSES:PSL_OTHER_PERSONAL:DATA_USAGE_COLLECTION_PURPOSE,PSL_FRAUD_PREVENTION_SECURITY,,MULTIPLE_CHOICE,"Uso y manejo de datos (Otra información)/¿Por qué se recopilan los datos de los usuarios? Selecciona todas las opciones que correspondan./Seguridad, cumplimiento y prevención de fraudes"
PSL_DATA_USAGE_RESPONSES:PSL_OTHER_PERSONAL:DATA_USAGE_COLLECTION_PURPOSE,PSL_ADVERTISING,,MULTIPLE_CHOICE,Uso y manejo de datos (Otra información)/¿Por qué se recopilan los datos de los usuarios? Selecciona todas las opciones que correspondan./Publicidad o marketing
PSL_DATA_USAGE_RESPONSES:PSL_OTHER_PERSONAL:DATA_USAGE_COLLECTION_PURPOSE,PSL_PERSONALIZATION,,MULTIPLE_CHOICE,Uso y manejo de datos (Otra información)/¿Por qué se recopilan los datos de los usuarios? Selecciona todas las opciones que correspondan./Personalización
PSL_DATA_USAGE_RESPONSES:PSL_OTHER_PERSONAL:DATA_USAGE_COLLECTION_PURPOSE,PSL_ACCOUNT_MANAGEMENT,,MULTIPLE_CHOICE,Uso y manejo de datos (Otra información)/¿Por qué se recopilan los datos de los usuarios? Selecciona todas las opciones que correspondan./Administración de la cuenta
PSL_DATA_USAGE_RESPONSES:PSL_OTHER_PERSONAL:DATA_USAGE_SHARING_PURPOSE,PSL_APP_FUNCTIONALITY,,MULTIPLE_CHOICE,Uso y manejo de datos (Otra información)/¿Para qué se usan y comparten los datos de los usuarios? Selecciona todas las opciones que correspondan./Funciones de la app
PSL_DATA_USAGE_RESPONSES:PSL_OTHER_PERSONAL:DATA_USAGE_SHARING_PURPOSE,PSL_ANALYTICS,,MULTIPLE_CHOICE,Uso y manejo de datos (Otra información)/¿Para qué se usan y comparten los datos de los usuarios? Selecciona todas las opciones que correspondan./Estadísticas
PSL_DATA_USAGE_RESPONSES:PSL_OTHER_PERSONAL:DATA_USAGE_SHARING_PURPOSE,PSL_DEVELOPER_COMMUNICATIONS,,MULTIPLE_CHOICE,Uso y manejo de datos (Otra información)/¿Para qué se usan y comparten los datos de los usuarios? Selecciona todas las opciones que correspondan./Comunicaciones del desarrollador
PSL_DATA_USAGE_RESPONSES:PSL_OTHER_PERSONAL:DATA_USAGE_SHARING_PURPOSE,PSL_FRAUD_PREVENTION_SECURITY,,MULTIPLE_CHOICE,"Uso y manejo de datos (Otra información)/¿Para qué se usan y comparten los datos de los usuarios? Selecciona todas las opciones que correspondan./Seguridad, cumplimiento y prevención de fraudes"
PSL_DATA_USAGE_RESPONSES:PSL_OTHER_PERSONAL:DATA_USAGE_SHARING_PURPOSE,PSL_ADVERTISING,,MULTIPLE_CHOICE,Uso y manejo de datos (Otra información)/¿Para qué se usan y comparten los datos de los usuarios? Selecciona todas las opciones que correspondan./Publicidad o marketing
PSL_DATA_USAGE_RESPONSES:PSL_OTHER_PERSONAL:DATA_USAGE_SHARING_PURPOSE,PSL_PERSONALIZATION,,MULTIPLE_CHOICE,Uso y manejo de datos (Otra información)/¿Para qué se usan y comparten los datos de los usuarios? Selecciona todas las opciones que correspondan./Personalización
PSL_DATA_USAGE_RESPONSES:PSL_OTHER_PERSONAL:DATA_USAGE_SHARING_PURPOSE,PSL_ACCOUNT_MANAGEMENT,,MULTIPLE_CHOICE,Uso y manejo de datos (Otra información)/¿Para qué se usan y comparten los datos de los usuarios? Selecciona todas las opciones que correspondan./Administración de la cuenta
PSL_DATA_USAGE_RESPONSES:PSL_CREDIT_DEBIT_BANK_ACCOUNT_NUMBER:PSL_DATA_USAGE_COLLECTION_AND_SHARING,PSL_DATA_USAGE_ONLY_COLLECTED,,MULTIPLE_CHOICE,"Uso y manejo de datos (Información de pago del usuario)/¿Estos datos se recopilan, se comparten o ambas?/Recopilados"
PSL_DATA_USAGE_RESPONSES:PSL_CREDIT_DEBIT_BANK_ACCOUNT_NUMBER:PSL_DATA_USAGE_COLLECTION_AND_SHARING,PSL_DATA_USAGE_ONLY_SHARED,,MULTIPLE_CHOICE,"Uso y manejo de datos (Información de pago del usuario)/¿Estos datos se recopilan, se comparten o ambas?/Compartidos"
PSL_DATA_USAGE_RESPONSES:PSL_CREDIT_DEBIT_BANK_ACCOUNT_NUMBER:PSL_DATA_USAGE_EPHEMERAL,,,MAYBE_REQUIRED,Uso y manejo de datos (Información de pago del usuario)/¿Estos datos se procesan de forma efímera?
PSL_DATA_USAGE_RESPONSES:PSL_CREDIT_DEBIT_BANK_ACCOUNT_NUMBER:DATA_USAGE_USER_CONTROL,PSL_DATA_USAGE_USER_CONTROL_OPTIONAL,,SINGLE_CHOICE,Uso y manejo de datos (Información de pago del usuario)/¿Estos datos son necesarios para tu app o los usuarios pueden decidir si se recopilan o no?/Los usuarios pueden decidir si los datos se recopilan o no
PSL_DATA_USAGE_RESPONSES:PSL_CREDIT_DEBIT_BANK_ACCOUNT_NUMBER:DATA_USAGE_USER_CONTROL,PSL_DATA_USAGE_USER_CONTROL_REQUIRED,,SINGLE_CHOICE,Uso y manejo de datos (Información de pago del usuario)/¿Estos datos son necesarios para tu app o los usuarios pueden decidir si se recopilan o no?/La recopilación de datos es necesaria (los usuarios no pueden desactivar esta opción)
PSL_DATA_USAGE_RESPONSES:PSL_CREDIT_DEBIT_BANK_ACCOUNT_NUMBER:DATA_USAGE_COLLECTION_PURPOSE,PSL_APP_FUNCTIONALITY,,MULTIPLE_CHOICE,Uso y manejo de datos (Información de pago del usuario)/¿Por qué se recopilan los datos de los usuarios? Selecciona todas las opciones que correspondan./Funciones de la app
PSL_DATA_USAGE_RESPONSES:PSL_CREDIT_DEBIT_BANK_ACCOUNT_NUMBER:DATA_USAGE_COLLECTION_PURPOSE,PSL_ANALYTICS,,MULTIPLE_CHOICE,Uso y manejo de datos (Información de pago del usuario)/¿Por qué se recopilan los datos de los usuarios? Selecciona todas las opciones que correspondan./Estadísticas
PSL_DATA_USAGE_RESPONSES:PSL_CREDIT_DEBIT_BANK_ACCOUNT_NUMBER:DATA_USAGE_COLLECTION_PURPOSE,PSL_DEVELOPER_COMMUNICATIONS,,MULTIPLE_CHOICE,Uso y manejo de datos (Información de pago del usuario)/¿Por qué se recopilan los datos de los usuarios? Selecciona todas las opciones que correspondan./Comunicaciones del desarrollador
PSL_DATA_USAGE_RESPONSES:PSL_CREDIT_DEBIT_BANK_ACCOUNT_NUMBER:DATA_USAGE_COLLECTION_PURPOSE,PSL_FRAUD_PREVENTION_SECURITY,,MULTIPLE_CHOICE,"Uso y manejo de datos (Información de pago del usuario)/¿Por qué se recopilan los datos de los usuarios? Selecciona todas las opciones que correspondan./Seguridad, cumplimiento y prevención de fraudes"
PSL_DATA_USAGE_RESPONSES:PSL_CREDIT_DEBIT_BANK_ACCOUNT_NUMBER:DATA_USAGE_COLLECTION_PURPOSE,PSL_ADVERTISING,,MULTIPLE_CHOICE,Uso y manejo de datos (Información de pago del usuario)/¿Por qué se recopilan los datos de los usuarios? Selecciona todas las opciones que correspondan./Publicidad o marketing
PSL_DATA_USAGE_RESPONSES:PSL_CREDIT_DEBIT_BANK_ACCOUNT_NUMBER:DATA_USAGE_COLLECTION_PURPOSE,PSL_PERSONALIZATION,,MULTIPLE_CHOICE,Uso y manejo de datos (Información de pago del usuario)/¿Por qué se recopilan los datos de los usuarios? Selecciona todas las opciones que correspondan./Personalización
PSL_DATA_USAGE_RESPONSES:PSL_CREDIT_DEBIT_BANK_ACCOUNT_NUMBER:DATA_USAGE_COLLECTION_PURPOSE,PSL_ACCOUNT_MANAGEMENT,,MULTIPLE_CHOICE,Uso y manejo de datos (Información de pago del usuario)/¿Por qué se recopilan los datos de los usuarios? Selecciona todas las opciones que correspondan./Administración de la cuenta
PSL_DATA_USAGE_RESPONSES:PSL_CREDIT_DEBIT_BANK_ACCOUNT_NUMBER:DATA_USAGE_SHARING_PURPOSE,PSL_APP_FUNCTIONALITY,,MULTIPLE_CHOICE,Uso y manejo de datos (Información de pago del usuario)/¿Para qué se usan y comparten los datos de los usuarios? Selecciona todas las opciones que correspondan./Funciones de la app
PSL_DATA_USAGE_RESPONSES:PSL_CREDIT_DEBIT_BANK_ACCOUNT_NUMBER:DATA_USAGE_SHARING_PURPOSE,PSL_ANALYTICS,,MULTIPLE_CHOICE,Uso y manejo de datos (Información de pago del usuario)/¿Para qué se usan y comparten los datos de los usuarios? Selecciona todas las opciones que correspondan./Estadísticas
PSL_DATA_USAGE_RESPONSES:PSL_CREDIT_DEBIT_BANK_ACCOUNT_NUMBER:DATA_USAGE_SHARING_PURPOSE,PSL_DEVELOPER_COMMUNICATIONS,,MULTIPLE_CHOICE,Uso y manejo de datos (Información de pago del usuario)/¿Para qué se usan y comparten los datos de los usuarios? Selecciona todas las opciones que correspondan./Comunicaciones del desarrollador
PSL_DATA_USAGE_RESPONSES:PSL_CREDIT_DEBIT_BANK_ACCOUNT_NUMBER:DATA_USAGE_SHARING_PURPOSE,PSL_FRAUD_PREVENTION_SECURITY,,MULTIPLE_CHOICE,"Uso y manejo de datos (Información de pago del usuario)/¿Para qué se usan y comparten los datos de los usuarios? Selecciona todas las opciones que correspondan./Seguridad, cumplimiento y prevención de fraudes"
PSL_DATA_USAGE_RESPONSES:PSL_CREDIT_DEBIT_BANK_ACCOUNT_NUMBER:DATA_USAGE_SHARING_PURPOSE,PSL_ADVERTISING,,MULTIPLE_CHOICE,Uso y manejo de datos (Información de pago del usuario)/¿Para qué se usan y comparten los datos de los usuarios? Selecciona todas las opciones que correspondan./Publicidad o marketing
PSL_DATA_USAGE_RESPONSES:PSL_CREDIT_DEBIT_BANK_ACCOUNT_NUMBER:DATA_USAGE_SHARING_PURPOSE,PSL_PERSONALIZATION,,MULTIPLE_CHOICE,Uso y manejo de datos (Información de pago del usuario)/¿Para qué se usan y comparten los datos de los usuarios? Selecciona todas las opciones que correspondan./Personalización
PSL_DATA_USAGE_RESPONSES:PSL_CREDIT_DEBIT_BANK_ACCOUNT_NUMBER:DATA_USAGE_SHARING_PURPOSE,PSL_ACCOUNT_MANAGEMENT,,MULTIPLE_CHOICE,Uso y manejo de datos (Información de pago del usuario)/¿Para qué se usan y comparten los datos de los usuarios? Selecciona todas las opciones que correspondan./Administración de la cuenta
PSL_DATA_USAGE_RESPONSES:PSL_PURCHASE_HISTORY:PSL_DATA_USAGE_COLLECTION_AND_SHARING,PSL_DATA_USAGE_ONLY_COLLECTED,,MULTIPLE_CHOICE,"Uso y manejo de datos (Historial de compras)/¿Estos datos se recopilan, se comparten o ambas?/Recopilados"
PSL_DATA_USAGE_RESPONSES:PSL_PURCHASE_HISTORY:PSL_DATA_USAGE_COLLECTION_AND_SHARING,PSL_DATA_USAGE_ONLY_SHARED,,MULTIPLE_CHOICE,"Uso y manejo de datos (Historial de compras)/¿Estos datos se recopilan, se comparten o ambas?/Compartidos"
PSL_DATA_USAGE_RESPONSES:PSL_PURCHASE_HISTORY:PSL_DATA_USAGE_EPHEMERAL,,,MAYBE_REQUIRED,Uso y manejo de datos (Historial de compras)/¿Estos datos se procesan de forma efímera?
PSL_DATA_USAGE_RESPONSES:PSL_PURCHASE_HISTORY:DATA_USAGE_USER_CONTROL,PSL_DATA_USAGE_USER_CONTROL_OPTIONAL,,SINGLE_CHOICE,Uso y manejo de datos (Historial de compras)/¿Estos datos son necesarios para tu app o los usuarios pueden decidir si se recopilan o no?/Los usuarios pueden decidir si los datos se recopilan o no
PSL_DATA_USAGE_RESPONSES:PSL_PURCHASE_HISTORY:DATA_USAGE_USER_CONTROL,PSL_DATA_USAGE_USER_CONTROL_REQUIRED,,SINGLE_CHOICE,Uso y manejo de datos (Historial de compras)/¿Estos datos son necesarios para tu app o los usuarios pueden decidir si se recopilan o no?/La recopilación de datos es necesaria (los usuarios no pueden desactivar esta opción)
PSL_DATA_USAGE_RESPONSES:PSL_PURCHASE_HISTORY:DATA_USAGE_COLLECTION_PURPOSE,PSL_APP_FUNCTIONALITY,,MULTIPLE_CHOICE,Uso y manejo de datos (Historial de compras)/¿Por qué se recopilan los datos de los usuarios? Selecciona todas las opciones que correspondan./Funciones de la app
PSL_DATA_USAGE_RESPONSES:PSL_PURCHASE_HISTORY:DATA_USAGE_COLLECTION_PURPOSE,PSL_ANALYTICS,,MULTIPLE_CHOICE,Uso y manejo de datos (Historial de compras)/¿Por qué se recopilan los datos de los usuarios? Selecciona todas las opciones que correspondan./Estadísticas
PSL_DATA_USAGE_RESPONSES:PSL_PURCHASE_HISTORY:DATA_USAGE_COLLECTION_PURPOSE,PSL_DEVELOPER_COMMUNICATIONS,,MULTIPLE_CHOICE,Uso y manejo de datos (Historial de compras)/¿Por qué se recopilan los datos de los usuarios? Selecciona todas las opciones que correspondan./Comunicaciones del desarrollador
PSL_DATA_USAGE_RESPONSES:PSL_PURCHASE_HISTORY:DATA_USAGE_COLLECTION_PURPOSE,PSL_FRAUD_PREVENTION_SECURITY,,MULTIPLE_CHOICE,"Uso y manejo de datos (Historial de compras)/¿Por qué se recopilan los datos de los usuarios? Selecciona todas las opciones que correspondan./Seguridad, cumplimiento y prevención de fraudes"
PSL_DATA_USAGE_RESPONSES:PSL_PURCHASE_HISTORY:DATA_USAGE_COLLECTION_PURPOSE,PSL_ADVERTISING,,MULTIPLE_CHOICE,Uso y manejo de datos (Historial de compras)/¿Por qué se recopilan los datos de los usuarios? Selecciona todas las opciones que correspondan./Publicidad o marketing
PSL_DATA_USAGE_RESPONSES:PSL_PURCHASE_HISTORY:DATA_USAGE_COLLECTION_PURPOSE,PSL_PERSONALIZATION,,MULTIPLE_CHOICE,Uso y manejo de datos (Historial de compras)/¿Por qué se recopilan los datos de los usuarios? Selecciona todas las opciones que correspondan./Personalización
PSL_DATA_USAGE_RESPONSES:PSL_PURCHASE_HISTORY:DATA_USAGE_COLLECTION_PURPOSE,PSL_ACCOUNT_MANAGEMENT,,MULTIPLE_CHOICE,Uso y manejo de datos (Historial de compras)/¿Por qué se recopilan los datos de los usuarios? Selecciona todas las opciones que correspondan./Administración de la cuenta
PSL_DATA_USAGE_RESPONSES:PSL_PURCHASE_HISTORY:DATA_USAGE_SHARING_PURPOSE,PSL_APP_FUNCTIONALITY,,MULTIPLE_CHOICE,Uso y manejo de datos (Historial de compras)/¿Para qué se usan y comparten los datos de los usuarios? Selecciona todas las opciones que correspondan./Funciones de la app
PSL_DATA_USAGE_RESPONSES:PSL_PURCHASE_HISTORY:DATA_USAGE_SHARING_PURPOSE,PSL_ANALYTICS,,MULTIPLE_CHOICE,Uso y manejo de datos (Historial de compras)/¿Para qué se usan y comparten los datos de los usuarios? Selecciona todas las opciones que correspondan./Estadísticas
PSL_DATA_USAGE_RESPONSES:PSL_PURCHASE_HISTORY:DATA_USAGE_SHARING_PURPOSE,PSL_DEVELOPER_COMMUNICATIONS,,MULTIPLE_CHOICE,Uso y manejo de datos (Historial de compras)/¿Para qué se usan y comparten los datos de los usuarios? Selecciona todas las opciones que correspondan./Comunicaciones del desarrollador
PSL_DATA_USAGE_RESPONSES:PSL_PURCHASE_HISTORY:DATA_USAGE_SHARING_PURPOSE,PSL_FRAUD_PREVENTION_SECURITY,,MULTIPLE_CHOICE,"Uso y manejo de datos (Historial de compras)/¿Para qué se usan y comparten los datos de los usuarios? Selecciona todas las opciones que correspondan./Seguridad, cumplimiento y prevención de fraudes"
PSL_DATA_USAGE_RESPONSES:PSL_PURCHASE_HISTORY:DATA_USAGE_SHARING_PURPOSE,PSL_ADVERTISING,,MULTIPLE_CHOICE,Uso y manejo de datos (Historial de compras)/¿Para qué se usan y comparten los datos de los usuarios? Selecciona todas las opciones que correspondan./Publicidad o marketing
PSL_DATA_USAGE_RESPONSES:PSL_PURCHASE_HISTORY:DATA_USAGE_SHARING_PURPOSE,PSL_PERSONALIZATION,,MULTIPLE_CHOICE,Uso y manejo de datos (Historial de compras)/¿Para qué se usan y comparten los datos de los usuarios? Selecciona todas las opciones que correspondan./Personalización
PSL_DATA_USAGE_RESPONSES:PSL_PURCHASE_HISTORY:DATA_USAGE_SHARING_PURPOSE,PSL_ACCOUNT_MANAGEMENT,,MULTIPLE_CHOICE,Uso y manejo de datos (Historial de compras)/¿Para qué se usan y comparten los datos de los usuarios? Selecciona todas las opciones que correspondan./Administración de la cuenta
PSL_DATA_USAGE_RESPONSES:PSL_CREDIT_SCORE:PSL_DATA_USAGE_COLLECTION_AND_SHARING,PSL_DATA_USAGE_ONLY_COLLECTED,,MULTIPLE_CHOICE,"Uso y manejo de datos (Calificación crediticia)/¿Estos datos se recopilan, se comparten o ambas?/Recopilados"
PSL_DATA_USAGE_RESPONSES:PSL_CREDIT_SCORE:PSL_DATA_USAGE_COLLECTION_AND_SHARING,PSL_DATA_USAGE_ONLY_SHARED,,MULTIPLE_CHOICE,"Uso y manejo de datos (Calificación crediticia)/¿Estos datos se recopilan, se comparten o ambas?/Compartidos"
PSL_DATA_USAGE_RESPONSES:PSL_CREDIT_SCORE:PSL_DATA_USAGE_EPHEMERAL,,,MAYBE_REQUIRED,Uso y manejo de datos (Calificación crediticia)/¿Estos datos se procesan de forma efímera?
PSL_DATA_USAGE_RESPONSES:PSL_CREDIT_SCORE:DATA_USAGE_USER_CONTROL,PSL_DATA_USAGE_USER_CONTROL_OPTIONAL,,SINGLE_CHOICE,Uso y manejo de datos (Calificación crediticia)/¿Estos datos son necesarios para tu app o los usuarios pueden decidir si se recopilan o no?/Los usuarios pueden decidir si los datos se recopilan o no
PSL_DATA_USAGE_RESPONSES:PSL_CREDIT_SCORE:DATA_USAGE_USER_CONTROL,PSL_DATA_USAGE_USER_CONTROL_REQUIRED,,SINGLE_CHOICE,Uso y manejo de datos (Calificación crediticia)/¿Estos datos son necesarios para tu app o los usuarios pueden decidir si se recopilan o no?/La recopilación de datos es necesaria (los usuarios no pueden desactivar esta opción)
PSL_DATA_USAGE_RESPONSES:PSL_CREDIT_SCORE:DATA_USAGE_COLLECTION_PURPOSE,PSL_APP_FUNCTIONALITY,,MULTIPLE_CHOICE,Uso y manejo de datos (Calificación crediticia)/¿Por qué se recopilan los datos de los usuarios? Selecciona todas las opciones que correspondan./Funciones de la app
PSL_DATA_USAGE_RESPONSES:PSL_CREDIT_SCORE:DATA_USAGE_COLLECTION_PURPOSE,PSL_ANALYTICS,,MULTIPLE_CHOICE,Uso y manejo de datos (Calificación crediticia)/¿Por qué se recopilan los datos de los usuarios? Selecciona todas las opciones que correspondan./Estadísticas
PSL_DATA_USAGE_RESPONSES:PSL_CREDIT_SCORE:DATA_USAGE_COLLECTION_PURPOSE,PSL_DEVELOPER_COMMUNICATIONS,,MULTIPLE_CHOICE,Uso y manejo de datos (Calificación crediticia)/¿Por qué se recopilan los datos de los usuarios? Selecciona todas las opciones que correspondan./Comunicaciones del desarrollador
PSL_DATA_USAGE_RESPONSES:PSL_CREDIT_SCORE:DATA_USAGE_COLLECTION_PURPOSE,PSL_FRAUD_PREVENTION_SECURITY,,MULTIPLE_CHOICE,"Uso y manejo de datos (Calificación crediticia)/¿Por qué se recopilan los datos de los usuarios? Selecciona todas las opciones que correspondan./Seguridad, cumplimiento y prevención de fraudes"
PSL_DATA_USAGE_RESPONSES:PSL_CREDIT_SCORE:DATA_USAGE_COLLECTION_PURPOSE,PSL_ADVERTISING,,MULTIPLE_CHOICE,Uso y manejo de datos (Calificación crediticia)/¿Por qué se recopilan los datos de los usuarios? Selecciona todas las opciones que correspondan./Publicidad o marketing
PSL_DATA_USAGE_RESPONSES:PSL_CREDIT_SCORE:DATA_USAGE_COLLECTION_PURPOSE,PSL_PERSONALIZATION,,MULTIPLE_CHOICE,Uso y manejo de datos (Calificación crediticia)/¿Por qué se recopilan los datos de los usuarios? Selecciona todas las opciones que correspondan./Personalización
PSL_DATA_USAGE_RESPONSES:PSL_CREDIT_SCORE:DATA_USAGE_COLLECTION_PURPOSE,PSL_ACCOUNT_MANAGEMENT,,MULTIPLE_CHOICE,Uso y manejo de datos (Calificación crediticia)/¿Por qué se recopilan los datos de los usuarios? Selecciona todas las opciones que correspondan./Administración de la cuenta
PSL_DATA_USAGE_RESPONSES:PSL_CREDIT_SCORE:DATA_USAGE_SHARING_PURPOSE,PSL_APP_FUNCTIONALITY,,MULTIPLE_CHOICE,Uso y manejo de datos (Calificación crediticia)/¿Para qué se usan y comparten los datos de los usuarios? Selecciona todas las opciones que correspondan./Funciones de la app
PSL_DATA_USAGE_RESPONSES:PSL_CREDIT_SCORE:DATA_USAGE_SHARING_PURPOSE,PSL_ANALYTICS,,MULTIPLE_CHOICE,Uso y manejo de datos (Calificación crediticia)/¿Para qué se usan y comparten los datos de los usuarios? Selecciona todas las opciones que correspondan./Estadísticas
PSL_DATA_USAGE_RESPONSES:PSL_CREDIT_SCORE:DATA_USAGE_SHARING_PURPOSE,PSL_DEVELOPER_COMMUNICATIONS,,MULTIPLE_CHOICE,Uso y manejo de datos (Calificación crediticia)/¿Para qué se usan y comparten los datos de los usuarios? Selecciona todas las opciones que correspondan./Comunicaciones del desarrollador
PSL_DATA_USAGE_RESPONSES:PSL_CREDIT_SCORE:DATA_USAGE_SHARING_PURPOSE,PSL_FRAUD_PREVENTION_SECURITY,,MULTIPLE_CHOICE,"Uso y manejo de datos (Calificación crediticia)/¿Para qué se usan y comparten los datos de los usuarios? Selecciona todas las opciones que correspondan./Seguridad, cumplimiento y prevención de fraudes"
PSL_DATA_USAGE_RESPONSES:PSL_CREDIT_SCORE:DATA_USAGE_SHARING_PURPOSE,PSL_ADVERTISING,,MULTIPLE_CHOICE,Uso y manejo de datos (Calificación crediticia)/¿Para qué se usan y comparten los datos de los usuarios? Selecciona todas las opciones que correspondan./Publicidad o marketing
PSL_DATA_USAGE_RESPONSES:PSL_CREDIT_SCORE:DATA_USAGE_SHARING_PURPOSE,PSL_PERSONALIZATION,,MULTIPLE_CHOICE,Uso y manejo de datos (Calificación crediticia)/¿Para qué se usan y comparten los datos de los usuarios? Selecciona todas las opciones que correspondan./Personalización
PSL_DATA_USAGE_RESPONSES:PSL_CREDIT_SCORE:DATA_USAGE_SHARING_PURPOSE,PSL_ACCOUNT_MANAGEMENT,,MULTIPLE_CHOICE,Uso y manejo de datos (Calificación crediticia)/¿Para qué se usan y comparten los datos de los usuarios? Selecciona todas las opciones que correspondan./Administración de la cuenta
PSL_DATA_USAGE_RESPONSES:PSL_OTHER:PSL_DATA_USAGE_COLLECTION_AND_SHARING,PSL_DATA_USAGE_ONLY_COLLECTED,,MULTIPLE_CHOICE,"Uso y manejo de datos (Otra información financiera)/¿Estos datos se recopilan, se comparten o ambas?/Recopilados"
PSL_DATA_USAGE_RESPONSES:PSL_OTHER:PSL_DATA_USAGE_COLLECTION_AND_SHARING,PSL_DATA_USAGE_ONLY_SHARED,,MULTIPLE_CHOICE,"Uso y manejo de datos (Otra información financiera)/¿Estos datos se recopilan, se comparten o ambas?/Compartidos"
PSL_DATA_USAGE_RESPONSES:PSL_OTHER:PSL_DATA_USAGE_EPHEMERAL,,,MAYBE_REQUIRED,Uso y manejo de datos (Otra información financiera)/¿Estos datos se procesan de forma efímera?
PSL_DATA_USAGE_RESPONSES:PSL_OTHER:DATA_USAGE_USER_CONTROL,PSL_DATA_USAGE_USER_CONTROL_OPTIONAL,,SINGLE_CHOICE,Uso y manejo de datos (Otra información financiera)/¿Estos datos son necesarios para tu app o los usuarios pueden decidir si se recopilan o no?/Los usuarios pueden decidir si los datos se recopilan o no
PSL_DATA_USAGE_RESPONSES:PSL_OTHER:DATA_USAGE_USER_CONTROL,PSL_DATA_USAGE_USER_CONTROL_REQUIRED,,SINGLE_CHOICE,Uso y manejo de datos (Otra información financiera)/¿Estos datos son necesarios para tu app o los usuarios pueden decidir si se recopilan o no?/La recopilación de datos es necesaria (los usuarios no pueden desactivar esta opción)
PSL_DATA_USAGE_RESPONSES:PSL_OTHER:DATA_USAGE_COLLECTION_PURPOSE,PSL_APP_FUNCTIONALITY,,MULTIPLE_CHOICE,Uso y manejo de datos (Otra información financiera)/¿Por qué se recopilan los datos de los usuarios? Selecciona todas las opciones que correspondan./Funciones de la app
PSL_DATA_USAGE_RESPONSES:PSL_OTHER:DATA_USAGE_COLLECTION_PURPOSE,PSL_ANALYTICS,,MULTIPLE_CHOICE,Uso y manejo de datos (Otra información financiera)/¿Por qué se recopilan los datos de los usuarios? Selecciona todas las opciones que correspondan./Estadísticas
PSL_DATA_USAGE_RESPONSES:PSL_OTHER:DATA_USAGE_COLLECTION_PURPOSE,PSL_DEVELOPER_COMMUNICATIONS,,MULTIPLE_CHOICE,Uso y manejo de datos (Otra información financiera)/¿Por qué se recopilan los datos de los usuarios? Selecciona todas las opciones que correspondan./Comunicaciones del desarrollador
PSL_DATA_USAGE_RESPONSES:PSL_OTHER:DATA_USAGE_COLLECTION_PURPOSE,PSL_FRAUD_PREVENTION_SECURITY,,MULTIPLE_CHOICE,"Uso y manejo de datos (Otra información financiera)/¿Por qué se recopilan los datos de los usuarios? Selecciona todas las opciones que correspondan./Seguridad, cumplimiento y prevención de fraudes"
PSL_DATA_USAGE_RESPONSES:PSL_OTHER:DATA_USAGE_COLLECTION_PURPOSE,PSL_ADVERTISING,,MULTIPLE_CHOICE,Uso y manejo de datos (Otra información financiera)/¿Por qué se recopilan los datos de los usuarios? Selecciona todas las opciones que correspondan./Publicidad o marketing
PSL_DATA_USAGE_RESPONSES:PSL_OTHER:DATA_USAGE_COLLECTION_PURPOSE,PSL_PERSONALIZATION,,MULTIPLE_CHOICE,Uso y manejo de datos (Otra información financiera)/¿Por qué se recopilan los datos de los usuarios? Selecciona todas las opciones que correspondan./Personalización
PSL_DATA_USAGE_RESPONSES:PSL_OTHER:DATA_USAGE_COLLECTION_PURPOSE,PSL_ACCOUNT_MANAGEMENT,,MULTIPLE_CHOICE,Uso y manejo de datos (Otra información financiera)/¿Por qué se recopilan los datos de los usuarios? Selecciona todas las opciones que correspondan./Administración de la cuenta
PSL_DATA_USAGE_RESPONSES:PSL_OTHER:DATA_USAGE_SHARING_PURPOSE,PSL_APP_FUNCTIONALITY,,MULTIPLE_CHOICE,Uso y manejo de datos (Otra información financiera)/¿Para qué se usan y comparten los datos de los usuarios? Selecciona todas las opciones que correspondan./Funciones de la app
PSL_DATA_USAGE_RESPONSES:PSL_OTHER:DATA_USAGE_SHARING_PURPOSE,PSL_ANALYTICS,,MULTIPLE_CHOICE,Uso y manejo de datos (Otra información financiera)/¿Para qué se usan y comparten los datos de los usuarios? Selecciona todas las opciones que correspondan./Estadísticas
PSL_DATA_USAGE_RESPONSES:PSL_OTHER:DATA_USAGE_SHARING_PURPOSE,PSL_DEVELOPER_COMMUNICATIONS,,MULTIPLE_CHOICE,Uso y manejo de datos (Otra información financiera)/¿Para qué se usan y comparten los datos de los usuarios? Selecciona todas las opciones que correspondan./Comunicaciones del desarrollador
PSL_DATA_USAGE_RESPONSES:PSL_OTHER:DATA_USAGE_SHARING_PURPOSE,PSL_FRAUD_PREVENTION_SECURITY,,MULTIPLE_CHOICE,"Uso y manejo de datos (Otra información financiera)/¿Para qué se usan y comparten los datos de los usuarios? Selecciona todas las opciones que correspondan./Seguridad, cumplimiento y prevención de fraudes"
PSL_DATA_USAGE_RESPONSES:PSL_OTHER:DATA_USAGE_SHARING_PURPOSE,PSL_ADVERTISING,,MULTIPLE_CHOICE,Uso y manejo de datos (Otra información financiera)/¿Para qué se usan y comparten los datos de los usuarios? Selecciona todas las opciones que correspondan./Publicidad o marketing
PSL_DATA_USAGE_RESPONSES:PSL_OTHER:DATA_USAGE_SHARING_PURPOSE,PSL_PERSONALIZATION,,MULTIPLE_CHOICE,Uso y manejo de datos (Otra información financiera)/¿Para qué se usan y comparten los datos de los usuarios? Selecciona todas las opciones que correspondan./Personalización
PSL_DATA_USAGE_RESPONSES:PSL_OTHER:DATA_USAGE_SHARING_PURPOSE,PSL_ACCOUNT_MANAGEMENT,,MULTIPLE_CHOICE,Uso y manejo de datos (Otra información financiera)/¿Para qué se usan y comparten los datos de los usuarios? Selecciona todas las opciones que correspondan./Administración de la cuenta
PSL_DATA_USAGE_RESPONSES:PSL_APPROX_LOCATION:PSL_DATA_USAGE_COLLECTION_AND_SHARING,PSL_DATA_USAGE_ONLY_COLLECTED,,MULTIPLE_CHOICE,"Uso y manejo de datos (Ubicación aproximada)/¿Estos datos se recopilan, se comparten o ambas?/Recopilados"
PSL_DATA_USAGE_RESPONSES:PSL_APPROX_LOCATION:PSL_DATA_USAGE_COLLECTION_AND_SHARING,PSL_DATA_USAGE_ONLY_SHARED,,MULTIPLE_CHOICE,"Uso y manejo de datos (Ubicación aproximada)/¿Estos datos se recopilan, se comparten o ambas?/Compartidos"
PSL_DATA_USAGE_RESPONSES:PSL_APPROX_LOCATION:PSL_DATA_USAGE_EPHEMERAL,,,MAYBE_REQUIRED,Uso y manejo de datos (Ubicación aproximada)/¿Estos datos se procesan de forma efímera?
PSL_DATA_USAGE_RESPONSES:PSL_APPROX_LOCATION:DATA_USAGE_USER_CONTROL,PSL_DATA_USAGE_USER_CONTROL_OPTIONAL,,SINGLE_CHOICE,Uso y manejo de datos (Ubicación aproximada)/¿Estos datos son necesarios para tu app o los usuarios pueden decidir si se recopilan o no?/Los usuarios pueden decidir si los datos se recopilan o no
PSL_DATA_USAGE_RESPONSES:PSL_APPROX_LOCATION:DATA_USAGE_USER_CONTROL,PSL_DATA_USAGE_USER_CONTROL_REQUIRED,,SINGLE_CHOICE,Uso y manejo de datos (Ubicación aproximada)/¿Estos datos son necesarios para tu app o los usuarios pueden decidir si se recopilan o no?/La recopilación de datos es necesaria (los usuarios no pueden desactivar esta opción)
PSL_DATA_USAGE_RESPONSES:PSL_APPROX_LOCATION:DATA_USAGE_COLLECTION_PURPOSE,PSL_APP_FUNCTIONALITY,,MULTIPLE_CHOICE,Uso y manejo de datos (Ubicación aproximada)/¿Por qué se recopilan los datos de los usuarios? Selecciona todas las opciones que correspondan./Funciones de la app
PSL_DATA_USAGE_RESPONSES:PSL_APPROX_LOCATION:DATA_USAGE_COLLECTION_PURPOSE,PSL_ANALYTICS,,MULTIPLE_CHOICE,Uso y manejo de datos (Ubicación aproximada)/¿Por qué se recopilan los datos de los usuarios? Selecciona todas las opciones que correspondan./Estadísticas
PSL_DATA_USAGE_RESPONSES:PSL_APPROX_LOCATION:DATA_USAGE_COLLECTION_PURPOSE,PSL_DEVELOPER_COMMUNICATIONS,,MULTIPLE_CHOICE,Uso y manejo de datos (Ubicación aproximada)/¿Por qué se recopilan los datos de los usuarios? Selecciona todas las opciones que correspondan./Comunicaciones del desarrollador
PSL_DATA_USAGE_RESPONSES:PSL_APPROX_LOCATION:DATA_USAGE_COLLECTION_PURPOSE,PSL_FRAUD_PREVENTION_SECURITY,,MULTIPLE_CHOICE,"Uso y manejo de datos (Ubicación aproximada)/¿Por qué se recopilan los datos de los usuarios? Selecciona todas las opciones que correspondan./Seguridad, cumplimiento y prevención de fraudes"
PSL_DATA_USAGE_RESPONSES:PSL_APPROX_LOCATION:DATA_USAGE_COLLECTION_PURPOSE,PSL_ADVERTISING,,MULTIPLE_CHOICE,Uso y manejo de datos (Ubicación aproximada)/¿Por qué se recopilan los datos de los usuarios? Selecciona todas las opciones que correspondan./Publicidad o marketing
PSL_DATA_USAGE_RESPONSES:PSL_APPROX_LOCATION:DATA_USAGE_COLLECTION_PURPOSE,PSL_PERSONALIZATION,,MULTIPLE_CHOICE,Uso y manejo de datos (Ubicación aproximada)/¿Por qué se recopilan los datos de los usuarios? Selecciona todas las opciones que correspondan./Personalización
PSL_DATA_USAGE_RESPONSES:PSL_APPROX_LOCATION:DATA_USAGE_COLLECTION_PURPOSE,PSL_ACCOUNT_MANAGEMENT,,MULTIPLE_CHOICE,Uso y manejo de datos (Ubicación aproximada)/¿Por qué se recopilan los datos de los usuarios? Selecciona todas las opciones que correspondan./Administración de la cuenta
PSL_DATA_USAGE_RESPONSES:PSL_APPROX_LOCATION:DATA_USAGE_SHARING_PURPOSE,PSL_APP_FUNCTIONALITY,,MULTIPLE_CHOICE,Uso y manejo de datos (Ubicación aproximada)/¿Para qué se usan y comparten los datos de los usuarios? Selecciona todas las opciones que correspondan./Funciones de la app
PSL_DATA_USAGE_RESPONSES:PSL_APPROX_LOCATION:DATA_USAGE_SHARING_PURPOSE,PSL_ANALYTICS,,MULTIPLE_CHOICE,Uso y manejo de datos (Ubicación aproximada)/¿Para qué se usan y comparten los datos de los usuarios? Selecciona todas las opciones que correspondan./Estadísticas
PSL_DATA_USAGE_RESPONSES:PSL_APPROX_LOCATION:DATA_USAGE_SHARING_PURPOSE,PSL_DEVELOPER_COMMUNICATIONS,,MULTIPLE_CHOICE,Uso y manejo de datos (Ubicación aproximada)/¿Para qué se usan y comparten los datos de los usuarios? Selecciona todas las opciones que correspondan./Comunicaciones del desarrollador
PSL_DATA_USAGE_RESPONSES:PSL_APPROX_LOCATION:DATA_USAGE_SHARING_PURPOSE,PSL_FRAUD_PREVENTION_SECURITY,,MULTIPLE_CHOICE,"Uso y manejo de datos (Ubicación aproximada)/¿Para qué se usan y comparten los datos de los usuarios? Selecciona todas las opciones que correspondan./Seguridad, cumplimiento y prevención de fraudes"
PSL_DATA_USAGE_RESPONSES:PSL_APPROX_LOCATION:DATA_USAGE_SHARING_PURPOSE,PSL_ADVERTISING,,MULTIPLE_CHOICE,Uso y manejo de datos (Ubicación aproximada)/¿Para qué se usan y comparten los datos de los usuarios? Selecciona todas las opciones que correspondan./Publicidad o marketing
PSL_DATA_USAGE_RESPONSES:PSL_APPROX_LOCATION:DATA_USAGE_SHARING_PURPOSE,PSL_PERSONALIZATION,,MULTIPLE_CHOICE,Uso y manejo de datos (Ubicación aproximada)/¿Para qué se usan y comparten los datos de los usuarios? Selecciona todas las opciones que correspondan./Personalización
PSL_DATA_USAGE_RESPONSES:PSL_APPROX_LOCATION:DATA_USAGE_SHARING_PURPOSE,PSL_ACCOUNT_MANAGEMENT,,MULTIPLE_CHOICE,Uso y manejo de datos (Ubicación aproximada)/¿Para qué se usan y comparten los datos de los usuarios? Selecciona todas las opciones que correspondan./Administración de la cuenta
PSL_DATA_USAGE_RESPONSES:PSL_PRECISE_LOCATION:PSL_DATA_USAGE_COLLECTION_AND_SHARING,PSL_DATA_USAGE_ONLY_COLLECTED,true,MULTIPLE_CHOICE,"Uso y manejo de datos (Ubicación precisa)/¿Estos datos se recopilan, se comparten o ambas?/Recopilados"
PSL_DATA_USAGE_RESPONSES:PSL_PRECISE_LOCATION:PSL_DATA_USAGE_COLLECTION_AND_SHARING,PSL_DATA_USAGE_ONLY_SHARED,true,MULTIPLE_CHOICE,"Uso y manejo de datos (Ubicación precisa)/¿Estos datos se recopilan, se comparten o ambas?/Compartidos"
PSL_DATA_USAGE_RESPONSES:PSL_PRECISE_LOCATION:PSL_DATA_USAGE_EPHEMERAL,,false,MAYBE_REQUIRED,Uso y manejo de datos (Ubicación precisa)/¿Estos datos se procesan de forma efímera?
PSL_DATA_USAGE_RESPONSES:PSL_PRECISE_LOCATION:DATA_USAGE_USER_CONTROL,PSL_DATA_USAGE_USER_CONTROL_OPTIONAL,,SINGLE_CHOICE,Uso y manejo de datos (Ubicación precisa)/¿Estos datos son necesarios para tu app o los usuarios pueden decidir si se recopilan o no?/Los usuarios pueden decidir si los datos se recopilan o no
PSL_DATA_USAGE_RESPONSES:PSL_PRECISE_LOCATION:DATA_USAGE_USER_CONTROL,PSL_DATA_USAGE_USER_CONTROL_REQUIRED,true,SINGLE_CHOICE,Uso y manejo de datos (Ubicación precisa)/¿Estos datos son necesarios para tu app o los usuarios pueden decidir si se recopilan o no?/La recopilación de datos es necesaria (los usuarios no pueden desactivar esta opción)
PSL_DATA_USAGE_RESPONSES:PSL_PRECISE_LOCATION:DATA_USAGE_COLLECTION_PURPOSE,PSL_APP_FUNCTIONALITY,true,MULTIPLE_CHOICE,Uso y manejo de datos (Ubicación precisa)/¿Por qué se recopilan los datos de los usuarios? Selecciona todas las opciones que correspondan./Funciones de la app
PSL_DATA_USAGE_RESPONSES:PSL_PRECISE_LOCATION:DATA_USAGE_COLLECTION_PURPOSE,PSL_ANALYTICS,,MULTIPLE_CHOICE,Uso y manejo de datos (Ubicación precisa)/¿Por qué se recopilan los datos de los usuarios? Selecciona todas las opciones que correspondan./Estadísticas
PSL_DATA_USAGE_RESPONSES:PSL_PRECISE_LOCATION:DATA_USAGE_COLLECTION_PURPOSE,PSL_DEVELOPER_COMMUNICATIONS,,MULTIPLE_CHOICE,Uso y manejo de datos (Ubicación precisa)/¿Por qué se recopilan los datos de los usuarios? Selecciona todas las opciones que correspondan./Comunicaciones del desarrollador
PSL_DATA_USAGE_RESPONSES:PSL_PRECISE_LOCATION:DATA_USAGE_COLLECTION_PURPOSE,PSL_FRAUD_PREVENTION_SECURITY,,MULTIPLE_CHOICE,"Uso y manejo de datos (Ubicación precisa)/¿Por qué se recopilan los datos de los usuarios? Selecciona todas las opciones que correspondan./Seguridad, cumplimiento y prevención de fraudes"
PSL_DATA_USAGE_RESPONSES:PSL_PRECISE_LOCATION:DATA_USAGE_COLLECTION_PURPOSE,PSL_ADVERTISING,,MULTIPLE_CHOICE,Uso y manejo de datos (Ubicación precisa)/¿Por qué se recopilan los datos de los usuarios? Selecciona todas las opciones que correspondan./Publicidad o marketing
PSL_DATA_USAGE_RESPONSES:PSL_PRECISE_LOCATION:DATA_USAGE_COLLECTION_PURPOSE,PSL_PERSONALIZATION,,MULTIPLE_CHOICE,Uso y manejo de datos (Ubicación precisa)/¿Por qué se recopilan los datos de los usuarios? Selecciona todas las opciones que correspondan./Personalización
PSL_DATA_USAGE_RESPONSES:PSL_PRECISE_LOCATION:DATA_USAGE_COLLECTION_PURPOSE,PSL_ACCOUNT_MANAGEMENT,,MULTIPLE_CHOICE,Uso y manejo de datos (Ubicación precisa)/¿Por qué se recopilan los datos de los usuarios? Selecciona todas las opciones que correspondan./Administración de la cuenta
PSL_DATA_USAGE_RESPONSES:PSL_PRECISE_LOCATION:DATA_USAGE_SHARING_PURPOSE,PSL_APP_FUNCTIONALITY,true,MULTIPLE_CHOICE,Uso y manejo de datos (Ubicación precisa)/¿Para qué se usan y comparten los datos de los usuarios? Selecciona todas las opciones que correspondan./Funciones de la app
PSL_DATA_USAGE_RESPONSES:PSL_PRECISE_LOCATION:DATA_USAGE_SHARING_PURPOSE,PSL_ANALYTICS,,MULTIPLE_CHOICE,Uso y manejo de datos (Ubicación precisa)/¿Para qué se usan y comparten los datos de los usuarios? Selecciona todas las opciones que correspondan./Estadísticas
PSL_DATA_USAGE_RESPONSES:PSL_PRECISE_LOCATION:DATA_USAGE_SHARING_PURPOSE,PSL_DEVELOPER_COMMUNICATIONS,,MULTIPLE_CHOICE,Uso y manejo de datos (Ubicación precisa)/¿Para qué se usan y comparten los datos de los usuarios? Selecciona todas las opciones que correspondan./Comunicaciones del desarrollador
PSL_DATA_USAGE_RESPONSES:PSL_PRECISE_LOCATION:DATA_USAGE_SHARING_PURPOSE,PSL_FRAUD_PREVENTION_SECURITY,,MULTIPLE_CHOICE,"Uso y manejo de datos (Ubicación precisa)/¿Para qué se usan y comparten los datos de los usuarios? Selecciona todas las opciones que correspondan./Seguridad, cumplimiento y prevención de fraudes"
PSL_DATA_USAGE_RESPONSES:PSL_PRECISE_LOCATION:DATA_USAGE_SHARING_PURPOSE,PSL_ADVERTISING,,MULTIPLE_CHOICE,Uso y manejo de datos (Ubicación precisa)/¿Para qué se usan y comparten los datos de los usuarios? Selecciona todas las opciones que correspondan./Publicidad o marketing
PSL_DATA_USAGE_RESPONSES:PSL_PRECISE_LOCATION:DATA_USAGE_SHARING_PURPOSE,PSL_PERSONALIZATION,,MULTIPLE_CHOICE,Uso y manejo de datos (Ubicación precisa)/¿Para qué se usan y comparten los datos de los usuarios? Selecciona todas las opciones que correspondan./Personalización
PSL_DATA_USAGE_RESPONSES:PSL_PRECISE_LOCATION:DATA_USAGE_SHARING_PURPOSE,PSL_ACCOUNT_MANAGEMENT,,MULTIPLE_CHOICE,Uso y manejo de datos (Ubicación precisa)/¿Para qué se usan y comparten los datos de los usuarios? Selecciona todas las opciones que correspondan./Administración de la cuenta
PSL_DATA_USAGE_RESPONSES:PSL_WEB_BROWSING_HISTORY:PSL_DATA_USAGE_COLLECTION_AND_SHARING,PSL_DATA_USAGE_ONLY_COLLECTED,,MULTIPLE_CHOICE,"Uso y manejo de datos (Historial de navegación en la Web)/¿Estos datos se recopilan, se comparten o ambas?/Recopilados"
PSL_DATA_USAGE_RESPONSES:PSL_WEB_BROWSING_HISTORY:PSL_DATA_USAGE_COLLECTION_AND_SHARING,PSL_DATA_USAGE_ONLY_SHARED,,MULTIPLE_CHOICE,"Uso y manejo de datos (Historial de navegación en la Web)/¿Estos datos se recopilan, se comparten o ambas?/Compartidos"
PSL_DATA_USAGE_RESPONSES:PSL_WEB_BROWSING_HISTORY:PSL_DATA_USAGE_EPHEMERAL,,,MAYBE_REQUIRED,Uso y manejo de datos (Historial de navegación en la Web)/¿Estos datos se procesan de forma efímera?
PSL_DATA_USAGE_RESPONSES:PSL_WEB_BROWSING_HISTORY:DATA_USAGE_USER_CONTROL,PSL_DATA_USAGE_USER_CONTROL_OPTIONAL,,SINGLE_CHOICE,Uso y manejo de datos (Historial de navegación en la Web)/¿Estos datos son necesarios para tu app o los usuarios pueden decidir si se recopilan o no?/Los usuarios pueden decidir si los datos se recopilan o no
PSL_DATA_USAGE_RESPONSES:PSL_WEB_BROWSING_HISTORY:DATA_USAGE_USER_CONTROL,PSL_DATA_USAGE_USER_CONTROL_REQUIRED,,SINGLE_CHOICE,Uso y manejo de datos (Historial de navegación en la Web)/¿Estos datos son necesarios para tu app o los usuarios pueden decidir si se recopilan o no?/La recopilación de datos es necesaria (los usuarios no pueden desactivar esta opción)
PSL_DATA_USAGE_RESPONSES:PSL_WEB_BROWSING_HISTORY:DATA_USAGE_COLLECTION_PURPOSE,PSL_APP_FUNCTIONALITY,,MULTIPLE_CHOICE,Uso y manejo de datos (Historial de navegación en la Web)/¿Por qué se recopilan los datos de los usuarios? Selecciona todas las opciones que correspondan./Funciones de la app
PSL_DATA_USAGE_RESPONSES:PSL_WEB_BROWSING_HISTORY:DATA_USAGE_COLLECTION_PURPOSE,PSL_ANALYTICS,,MULTIPLE_CHOICE,Uso y manejo de datos (Historial de navegación en la Web)/¿Por qué se recopilan los datos de los usuarios? Selecciona todas las opciones que correspondan./Estadísticas
PSL_DATA_USAGE_RESPONSES:PSL_WEB_BROWSING_HISTORY:DATA_USAGE_COLLECTION_PURPOSE,PSL_DEVELOPER_COMMUNICATIONS,,MULTIPLE_CHOICE,Uso y manejo de datos (Historial de navegación en la Web)/¿Por qué se recopilan los datos de los usuarios? Selecciona todas las opciones que correspondan./Comunicaciones del desarrollador
PSL_DATA_USAGE_RESPONSES:PSL_WEB_BROWSING_HISTORY:DATA_USAGE_COLLECTION_PURPOSE,PSL_FRAUD_PREVENTION_SECURITY,,MULTIPLE_CHOICE,"Uso y manejo de datos (Historial de navegación en la Web)/¿Por qué se recopilan los datos de los usuarios? Selecciona todas las opciones que correspondan./Seguridad, cumplimiento y prevención de fraudes"
PSL_DATA_USAGE_RESPONSES:PSL_WEB_BROWSING_HISTORY:DATA_USAGE_COLLECTION_PURPOSE,PSL_ADVERTISING,,MULTIPLE_CHOICE,Uso y manejo de datos (Historial de navegación en la Web)/¿Por qué se recopilan los datos de los usuarios? Selecciona todas las opciones que correspondan./Publicidad o marketing
PSL_DATA_USAGE_RESPONSES:PSL_WEB_BROWSING_HISTORY:DATA_USAGE_COLLECTION_PURPOSE,PSL_PERSONALIZATION,,MULTIPLE_CHOICE,Uso y manejo de datos (Historial de navegación en la Web)/¿Por qué se recopilan los datos de los usuarios? Selecciona todas las opciones que correspondan./Personalización
PSL_DATA_USAGE_RESPONSES:PSL_WEB_BROWSING_HISTORY:DATA_USAGE_COLLECTION_PURPOSE,PSL_ACCOUNT_MANAGEMENT,,MULTIPLE_CHOICE,Uso y manejo de datos (Historial de navegación en la Web)/¿Por qué se recopilan los datos de los usuarios? Selecciona todas las opciones que correspondan./Administración de la cuenta
PSL_DATA_USAGE_RESPONSES:PSL_WEB_BROWSING_HISTORY:DATA_USAGE_SHARING_PURPOSE,PSL_APP_FUNCTIONALITY,,MULTIPLE_CHOICE,Uso y manejo de datos (Historial de navegación en la Web)/¿Para qué se usan y comparten los datos de los usuarios? Selecciona todas las opciones que correspondan./Funciones de la app
PSL_DATA_USAGE_RESPONSES:PSL_WEB_BROWSING_HISTORY:DATA_USAGE_SHARING_PURPOSE,PSL_ANALYTICS,,MULTIPLE_CHOICE,Uso y manejo de datos (Historial de navegación en la Web)/¿Para qué se usan y comparten los datos de los usuarios? Selecciona todas las opciones que correspondan./Estadísticas
PSL_DATA_USAGE_RESPONSES:PSL_WEB_BROWSING_HISTORY:DATA_USAGE_SHARING_PURPOSE,PSL_DEVELOPER_COMMUNICATIONS,,MULTIPLE_CHOICE,Uso y manejo de datos (Historial de navegación en la Web)/¿Para qué se usan y comparten los datos de los usuarios? Selecciona todas las opciones que correspondan./Comunicaciones del desarrollador
PSL_DATA_USAGE_RESPONSES:PSL_WEB_BROWSING_HISTORY:DATA_USAGE_SHARING_PURPOSE,PSL_FRAUD_PREVENTION_SECURITY,,MULTIPLE_CHOICE,"Uso y manejo de datos (Historial de navegación en la Web)/¿Para qué se usan y comparten los datos de los usuarios? Selecciona todas las opciones que correspondan./Seguridad, cumplimiento y prevención de fraudes"
PSL_DATA_USAGE_RESPONSES:PSL_WEB_BROWSING_HISTORY:DATA_USAGE_SHARING_PURPOSE,PSL_ADVERTISING,,MULTIPLE_CHOICE,Uso y manejo de datos (Historial de navegación en la Web)/¿Para qué se usan y comparten los datos de los usuarios? Selecciona todas las opciones que correspondan./Publicidad o marketing
PSL_DATA_USAGE_RESPONSES:PSL_WEB_BROWSING_HISTORY:DATA_USAGE_SHARING_PURPOSE,PSL_PERSONALIZATION,,MULTIPLE_CHOICE,Uso y manejo de datos (Historial de navegación en la Web)/¿Para qué se usan y comparten los datos de los usuarios? Selecciona todas las opciones que correspondan./Personalización
PSL_DATA_USAGE_RESPONSES:PSL_WEB_BROWSING_HISTORY:DATA_USAGE_SHARING_PURPOSE,PSL_ACCOUNT_MANAGEMENT,,MULTIPLE_CHOICE,Uso y manejo de datos (Historial de navegación en la Web)/¿Para qué se usan y comparten los datos de los usuarios? Selecciona todas las opciones que correspondan./Administración de la cuenta
PSL_DATA_USAGE_RESPONSES:PSL_EMAILS:PSL_DATA_USAGE_COLLECTION_AND_SHARING,PSL_DATA_USAGE_ONLY_COLLECTED,,MULTIPLE_CHOICE,"Uso y manejo de datos (Correos electrónicos)/¿Estos datos se recopilan, se comparten o ambas?/Recopilados"
PSL_DATA_USAGE_RESPONSES:PSL_EMAILS:PSL_DATA_USAGE_COLLECTION_AND_SHARING,PSL_DATA_USAGE_ONLY_SHARED,,MULTIPLE_CHOICE,"Uso y manejo de datos (Correos electrónicos)/¿Estos datos se recopilan, se comparten o ambas?/Compartidos"
PSL_DATA_USAGE_RESPONSES:PSL_EMAILS:PSL_DATA_USAGE_EPHEMERAL,,,MAYBE_REQUIRED,Uso y manejo de datos (Correos electrónicos)/¿Estos datos se procesan de forma efímera?
PSL_DATA_USAGE_RESPONSES:PSL_EMAILS:DATA_USAGE_USER_CONTROL,PSL_DATA_USAGE_USER_CONTROL_OPTIONAL,,SINGLE_CHOICE,Uso y manejo de datos (Correos electrónicos)/¿Estos datos son necesarios para tu app o los usuarios pueden decidir si se recopilan o no?/Los usuarios pueden decidir si los datos se recopilan o no
PSL_DATA_USAGE_RESPONSES:PSL_EMAILS:DATA_USAGE_USER_CONTROL,PSL_DATA_USAGE_USER_CONTROL_REQUIRED,,SINGLE_CHOICE,Uso y manejo de datos (Correos electrónicos)/¿Estos datos son necesarios para tu app o los usuarios pueden decidir si se recopilan o no?/La recopilación de datos es necesaria (los usuarios no pueden desactivar esta opción)
PSL_DATA_USAGE_RESPONSES:PSL_EMAILS:DATA_USAGE_COLLECTION_PURPOSE,PSL_APP_FUNCTIONALITY,,MULTIPLE_CHOICE,Uso y manejo de datos (Correos electrónicos)/¿Por qué se recopilan los datos de los usuarios? Selecciona todas las opciones que correspondan./Funciones de la app
PSL_DATA_USAGE_RESPONSES:PSL_EMAILS:DATA_USAGE_COLLECTION_PURPOSE,PSL_ANALYTICS,,MULTIPLE_CHOICE,Uso y manejo de datos (Correos electrónicos)/¿Por qué se recopilan los datos de los usuarios? Selecciona todas las opciones que correspondan./Estadísticas
PSL_DATA_USAGE_RESPONSES:PSL_EMAILS:DATA_USAGE_COLLECTION_PURPOSE,PSL_DEVELOPER_COMMUNICATIONS,,MULTIPLE_CHOICE,Uso y manejo de datos (Correos electrónicos)/¿Por qué se recopilan los datos de los usuarios? Selecciona todas las opciones que correspondan./Comunicaciones del desarrollador
PSL_DATA_USAGE_RESPONSES:PSL_EMAILS:DATA_USAGE_COLLECTION_PURPOSE,PSL_FRAUD_PREVENTION_SECURITY,,MULTIPLE_CHOICE,"Uso y manejo de datos (Correos electrónicos)/¿Por qué se recopilan los datos de los usuarios? Selecciona todas las opciones que correspondan./Seguridad, cumplimiento y prevención de fraudes"
PSL_DATA_USAGE_RESPONSES:PSL_EMAILS:DATA_USAGE_COLLECTION_PURPOSE,PSL_ADVERTISING,,MULTIPLE_CHOICE,Uso y manejo de datos (Correos electrónicos)/¿Por qué se recopilan los datos de los usuarios? Selecciona todas las opciones que correspondan./Publicidad o marketing
PSL_DATA_USAGE_RESPONSES:PSL_EMAILS:DATA_USAGE_COLLECTION_PURPOSE,PSL_PERSONALIZATION,,MULTIPLE_CHOICE,Uso y manejo de datos (Correos electrónicos)/¿Por qué se recopilan los datos de los usuarios? Selecciona todas las opciones que correspondan./Personalización
PSL_DATA_USAGE_RESPONSES:PSL_EMAILS:DATA_USAGE_COLLECTION_PURPOSE,PSL_ACCOUNT_MANAGEMENT,,MULTIPLE_CHOICE,Uso y manejo de datos (Correos electrónicos)/¿Por qué se recopilan los datos de los usuarios? Selecciona todas las opciones que correspondan./Administración de la cuenta
PSL_DATA_USAGE_RESPONSES:PSL_EMAILS:DATA_USAGE_SHARING_PURPOSE,PSL_APP_FUNCTIONALITY,,MULTIPLE_CHOICE,Uso y manejo de datos (Correos electrónicos)/¿Para qué se usan y comparten los datos de los usuarios? Selecciona todas las opciones que correspondan./Funciones de la app
PSL_DATA_USAGE_RESPONSES:PSL_EMAILS:DATA_USAGE_SHARING_PURPOSE,PSL_ANALYTICS,,MULTIPLE_CHOICE,Uso y manejo de datos (Correos electrónicos)/¿Para qué se usan y comparten los datos de los usuarios? Selecciona todas las opciones que correspondan./Estadísticas
PSL_DATA_USAGE_RESPONSES:PSL_EMAILS:DATA_USAGE_SHARING_PURPOSE,PSL_DEVELOPER_COMMUNICATIONS,,MULTIPLE_CHOICE,Uso y manejo de datos (Correos electrónicos)/¿Para qué se usan y comparten los datos de los usuarios? Selecciona todas las opciones que correspondan./Comunicaciones del desarrollador
PSL_DATA_USAGE_RESPONSES:PSL_EMAILS:DATA_USAGE_SHARING_PURPOSE,PSL_FRAUD_PREVENTION_SECURITY,,MULTIPLE_CHOICE,"Uso y manejo de datos (Correos electrónicos)/¿Para qué se usan y comparten los datos de los usuarios? Selecciona todas las opciones que correspondan./Seguridad, cumplimiento y prevención de fraudes"
PSL_DATA_USAGE_RESPONSES:PSL_EMAILS:DATA_USAGE_SHARING_PURPOSE,PSL_ADVERTISING,,MULTIPLE_CHOICE,Uso y manejo de datos (Correos electrónicos)/¿Para qué se usan y comparten los datos de los usuarios? Selecciona todas las opciones que correspondan./Publicidad o marketing
PSL_DATA_USAGE_RESPONSES:PSL_EMAILS:DATA_USAGE_SHARING_PURPOSE,PSL_PERSONALIZATION,,MULTIPLE_CHOICE,Uso y manejo de datos (Correos electrónicos)/¿Para qué se usan y comparten los datos de los usuarios? Selecciona todas las opciones que correspondan./Personalización
PSL_DATA_USAGE_RESPONSES:PSL_EMAILS:DATA_USAGE_SHARING_PURPOSE,PSL_ACCOUNT_MANAGEMENT,,MULTIPLE_CHOICE,Uso y manejo de datos (Correos electrónicos)/¿Para qué se usan y comparten los datos de los usuarios? Selecciona todas las opciones que correspondan./Administración de la cuenta
PSL_DATA_USAGE_RESPONSES:PSL_SMS_CALL_LOG:PSL_DATA_USAGE_COLLECTION_AND_SHARING,PSL_DATA_USAGE_ONLY_COLLECTED,,MULTIPLE_CHOICE,"Uso y manejo de datos (SMS o MMS)/¿Estos datos se recopilan, se comparten o ambas?/Recopilados"
PSL_DATA_USAGE_RESPONSES:PSL_SMS_CALL_LOG:PSL_DATA_USAGE_COLLECTION_AND_SHARING,PSL_DATA_USAGE_ONLY_SHARED,,MULTIPLE_CHOICE,"Uso y manejo de datos (SMS o MMS)/¿Estos datos se recopilan, se comparten o ambas?/Compartidos"
PSL_DATA_USAGE_RESPONSES:PSL_SMS_CALL_LOG:PSL_DATA_USAGE_EPHEMERAL,,,MAYBE_REQUIRED,Uso y manejo de datos (SMS o MMS)/¿Estos datos se procesan de forma efímera?
PSL_DATA_USAGE_RESPONSES:PSL_SMS_CALL_LOG:DATA_USAGE_USER_CONTROL,PSL_DATA_USAGE_USER_CONTROL_OPTIONAL,,SINGLE_CHOICE,Uso y manejo de datos (SMS o MMS)/¿Estos datos son necesarios para tu app o los usuarios pueden decidir si se recopilan o no?/Los usuarios pueden decidir si los datos se recopilan o no
PSL_DATA_USAGE_RESPONSES:PSL_SMS_CALL_LOG:DATA_USAGE_USER_CONTROL,PSL_DATA_USAGE_USER_CONTROL_REQUIRED,,SINGLE_CHOICE,Uso y manejo de datos (SMS o MMS)/¿Estos datos son necesarios para tu app o los usuarios pueden decidir si se recopilan o no?/La recopilación de datos es necesaria (los usuarios no pueden desactivar esta opción)
PSL_DATA_USAGE_RESPONSES:PSL_SMS_CALL_LOG:DATA_USAGE_COLLECTION_PURPOSE,PSL_APP_FUNCTIONALITY,,MULTIPLE_CHOICE,Uso y manejo de datos (SMS o MMS)/¿Por qué se recopilan los datos de los usuarios? Selecciona todas las opciones que correspondan./Funciones de la app
PSL_DATA_USAGE_RESPONSES:PSL_SMS_CALL_LOG:DATA_USAGE_COLLECTION_PURPOSE,PSL_ANALYTICS,,MULTIPLE_CHOICE,Uso y manejo de datos (SMS o MMS)/¿Por qué se recopilan los datos de los usuarios? Selecciona todas las opciones que correspondan./Estadísticas
PSL_DATA_USAGE_RESPONSES:PSL_SMS_CALL_LOG:DATA_USAGE_COLLECTION_PURPOSE,PSL_DEVELOPER_COMMUNICATIONS,,MULTIPLE_CHOICE,Uso y manejo de datos (SMS o MMS)/¿Por qué se recopilan los datos de los usuarios? Selecciona todas las opciones que correspondan./Comunicaciones del desarrollador
PSL_DATA_USAGE_RESPONSES:PSL_SMS_CALL_LOG:DATA_USAGE_COLLECTION_PURPOSE,PSL_FRAUD_PREVENTION_SECURITY,,MULTIPLE_CHOICE,"Uso y manejo de datos (SMS o MMS)/¿Por qué se recopilan los datos de los usuarios? Selecciona todas las opciones que correspondan./Seguridad, cumplimiento y prevención de fraudes"
PSL_DATA_USAGE_RESPONSES:PSL_SMS_CALL_LOG:DATA_USAGE_COLLECTION_PURPOSE,PSL_ADVERTISING,,MULTIPLE_CHOICE,Uso y manejo de datos (SMS o MMS)/¿Por qué se recopilan los datos de los usuarios? Selecciona todas las opciones que correspondan./Publicidad o marketing
PSL_DATA_USAGE_RESPONSES:PSL_SMS_CALL_LOG:DATA_USAGE_COLLECTION_PURPOSE,PSL_PERSONALIZATION,,MULTIPLE_CHOICE,Uso y manejo de datos (SMS o MMS)/¿Por qué se recopilan los datos de los usuarios? Selecciona todas las opciones que correspondan./Personalización
PSL_DATA_USAGE_RESPONSES:PSL_SMS_CALL_LOG:DATA_USAGE_COLLECTION_PURPOSE,PSL_ACCOUNT_MANAGEMENT,,MULTIPLE_CHOICE,Uso y manejo de datos (SMS o MMS)/¿Por qué se recopilan los datos de los usuarios? Selecciona todas las opciones que correspondan./Administración de la cuenta
PSL_DATA_USAGE_RESPONSES:PSL_SMS_CALL_LOG:DATA_USAGE_SHARING_PURPOSE,PSL_APP_FUNCTIONALITY,,MULTIPLE_CHOICE,Uso y manejo de datos (SMS o MMS)/¿Para qué se usan y comparten los datos de los usuarios? Selecciona todas las opciones que correspondan./Funciones de la app
PSL_DATA_USAGE_RESPONSES:PSL_SMS_CALL_LOG:DATA_USAGE_SHARING_PURPOSE,PSL_ANALYTICS,,MULTIPLE_CHOICE,Uso y manejo de datos (SMS o MMS)/¿Para qué se usan y comparten los datos de los usuarios? Selecciona todas las opciones que correspondan./Estadísticas
PSL_DATA_USAGE_RESPONSES:PSL_SMS_CALL_LOG:DATA_USAGE_SHARING_PURPOSE,PSL_DEVELOPER_COMMUNICATIONS,,MULTIPLE_CHOICE,Uso y manejo de datos (SMS o MMS)/¿Para qué se usan y comparten los datos de los usuarios? Selecciona todas las opciones que correspondan./Comunicaciones del desarrollador
PSL_DATA_USAGE_RESPONSES:PSL_SMS_CALL_LOG:DATA_USAGE_SHARING_PURPOSE,PSL_FRAUD_PREVENTION_SECURITY,,MULTIPLE_CHOICE,"Uso y manejo de datos (SMS o MMS)/¿Para qué se usan y comparten los datos de los usuarios? Selecciona todas las opciones que correspondan./Seguridad, cumplimiento y prevención de fraudes"
PSL_DATA_USAGE_RESPONSES:PSL_SMS_CALL_LOG:DATA_USAGE_SHARING_PURPOSE,PSL_ADVERTISING,,MULTIPLE_CHOICE,Uso y manejo de datos (SMS o MMS)/¿Para qué se usan y comparten los datos de los usuarios? Selecciona todas las opciones que correspondan./Publicidad o marketing
PSL_DATA_USAGE_RESPONSES:PSL_SMS_CALL_LOG:DATA_USAGE_SHARING_PURPOSE,PSL_PERSONALIZATION,,MULTIPLE_CHOICE,Uso y manejo de datos (SMS o MMS)/¿Para qué se usan y comparten los datos de los usuarios? Selecciona todas las opciones que correspondan./Personalización
PSL_DATA_USAGE_RESPONSES:PSL_SMS_CALL_LOG:DATA_USAGE_SHARING_PURPOSE,PSL_ACCOUNT_MANAGEMENT,,MULTIPLE_CHOICE,Uso y manejo de datos (SMS o MMS)/¿Para qué se usan y comparten los datos de los usuarios? Selecciona todas las opciones que correspondan./Administración de la cuenta
PSL_DATA_USAGE_RESPONSES:PSL_OTHER_MESSAGES:PSL_DATA_USAGE_COLLECTION_AND_SHARING,PSL_DATA_USAGE_ONLY_COLLECTED,true,MULTIPLE_CHOICE,"Uso y manejo de datos (Otros mensajes desde la app)/¿Estos datos se recopilan, se comparten o ambas?/Recopilados"
PSL_DATA_USAGE_RESPONSES:PSL_OTHER_MESSAGES:PSL_DATA_USAGE_COLLECTION_AND_SHARING,PSL_DATA_USAGE_ONLY_SHARED,true,MULTIPLE_CHOICE,"Uso y manejo de datos (Otros mensajes desde la app)/¿Estos datos se recopilan, se comparten o ambas?/Compartidos"
PSL_DATA_USAGE_RESPONSES:PSL_OTHER_MESSAGES:PSL_DATA_USAGE_EPHEMERAL,,false,MAYBE_REQUIRED,Uso y manejo de datos (Otros mensajes desde la app)/¿Estos datos se procesan de forma efímera?
PSL_DATA_USAGE_RESPONSES:PSL_OTHER_MESSAGES:DATA_USAGE_USER_CONTROL,PSL_DATA_USAGE_USER_CONTROL_OPTIONAL,,SINGLE_CHOICE,Uso y manejo de datos (Otros mensajes desde la app)/¿Estos datos son necesarios para tu app o los usuarios pueden decidir si se recopilan o no?/Los usuarios pueden decidir si los datos se recopilan o no
PSL_DATA_USAGE_RESPONSES:PSL_OTHER_MESSAGES:DATA_USAGE_USER_CONTROL,PSL_DATA_USAGE_USER_CONTROL_REQUIRED,true,SINGLE_CHOICE,Uso y manejo de datos (Otros mensajes desde la app)/¿Estos datos son necesarios para tu app o los usuarios pueden decidir si se recopilan o no?/La recopilación de datos es necesaria (los usuarios no pueden desactivar esta opción)
PSL_DATA_USAGE_RESPONSES:PSL_OTHER_MESSAGES:DATA_USAGE_COLLECTION_PURPOSE,PSL_APP_FUNCTIONALITY,true,MULTIPLE_CHOICE,Uso y manejo de datos (Otros mensajes desde la app)/¿Por qué se recopilan los datos de los usuarios? Selecciona todas las opciones que correspondan./Funciones de la app
PSL_DATA_USAGE_RESPONSES:PSL_OTHER_MESSAGES:DATA_USAGE_COLLECTION_PURPOSE,PSL_ANALYTICS,,MULTIPLE_CHOICE,Uso y manejo de datos (Otros mensajes desde la app)/¿Por qué se recopilan los datos de los usuarios? Selecciona todas las opciones que correspondan./Estadísticas
PSL_DATA_USAGE_RESPONSES:PSL_OTHER_MESSAGES:DATA_USAGE_COLLECTION_PURPOSE,PSL_DEVELOPER_COMMUNICATIONS,,MULTIPLE_CHOICE,Uso y manejo de datos (Otros mensajes desde la app)/¿Por qué se recopilan los datos de los usuarios? Selecciona todas las opciones que correspondan./Comunicaciones del desarrollador
PSL_DATA_USAGE_RESPONSES:PSL_OTHER_MESSAGES:DATA_USAGE_COLLECTION_PURPOSE,PSL_FRAUD_PREVENTION_SECURITY,,MULTIPLE_CHOICE,"Uso y manejo de datos (Otros mensajes desde la app)/¿Por qué se recopilan los datos de los usuarios? Selecciona todas las opciones que correspondan./Seguridad, cumplimiento y prevención de fraudes"
PSL_DATA_USAGE_RESPONSES:PSL_OTHER_MESSAGES:DATA_USAGE_COLLECTION_PURPOSE,PSL_ADVERTISING,,MULTIPLE_CHOICE,Uso y manejo de datos (Otros mensajes desde la app)/¿Por qué se recopilan los datos de los usuarios? Selecciona todas las opciones que correspondan./Publicidad o marketing
PSL_DATA_USAGE_RESPONSES:PSL_OTHER_MESSAGES:DATA_USAGE_COLLECTION_PURPOSE,PSL_PERSONALIZATION,,MULTIPLE_CHOICE,Uso y manejo de datos (Otros mensajes desde la app)/¿Por qué se recopilan los datos de los usuarios? Selecciona todas las opciones que correspondan./Personalización
PSL_DATA_USAGE_RESPONSES:PSL_OTHER_MESSAGES:DATA_USAGE_COLLECTION_PURPOSE,PSL_ACCOUNT_MANAGEMENT,,MULTIPLE_CHOICE,Uso y manejo de datos (Otros mensajes desde la app)/¿Por qué se recopilan los datos de los usuarios? Selecciona todas las opciones que correspondan./Administración de la cuenta
PSL_DATA_USAGE_RESPONSES:PSL_OTHER_MESSAGES:DATA_USAGE_SHARING_PURPOSE,PSL_APP_FUNCTIONALITY,true,MULTIPLE_CHOICE,Uso y manejo de datos (Otros mensajes desde la app)/¿Para qué se usan y comparten los datos de los usuarios? Selecciona todas las opciones que correspondan./Funciones de la app
PSL_DATA_USAGE_RESPONSES:PSL_OTHER_MESSAGES:DATA_USAGE_SHARING_PURPOSE,PSL_ANALYTICS,,MULTIPLE_CHOICE,Uso y manejo de datos (Otros mensajes desde la app)/¿Para qué se usan y comparten los datos de los usuarios? Selecciona todas las opciones que correspondan./Estadísticas
PSL_DATA_USAGE_RESPONSES:PSL_OTHER_MESSAGES:DATA_USAGE_SHARING_PURPOSE,PSL_DEVELOPER_COMMUNICATIONS,,MULTIPLE_CHOICE,Uso y manejo de datos (Otros mensajes desde la app)/¿Para qué se usan y comparten los datos de los usuarios? Selecciona todas las opciones que correspondan./Comunicaciones del desarrollador
PSL_DATA_USAGE_RESPONSES:PSL_OTHER_MESSAGES:DATA_USAGE_SHARING_PURPOSE,PSL_FRAUD_PREVENTION_SECURITY,,MULTIPLE_CHOICE,"Uso y manejo de datos (Otros mensajes desde la app)/¿Para qué se usan y comparten los datos de los usuarios? Selecciona todas las opciones que correspondan./Seguridad, cumplimiento y prevención de fraudes"
PSL_DATA_USAGE_RESPONSES:PSL_OTHER_MESSAGES:DATA_USAGE_SHARING_PURPOSE,PSL_ADVERTISING,,MULTIPLE_CHOICE,Uso y manejo de datos (Otros mensajes desde la app)/¿Para qué se usan y comparten los datos de los usuarios? Selecciona todas las opciones que correspondan./Publicidad o marketing
PSL_DATA_USAGE_RESPONSES:PSL_OTHER_MESSAGES:DATA_USAGE_SHARING_PURPOSE,PSL_PERSONALIZATION,,MULTIPLE_CHOICE,Uso y manejo de datos (Otros mensajes desde la app)/¿Para qué se usan y comparten los datos de los usuarios? Selecciona todas las opciones que correspondan./Personalización
PSL_DATA_USAGE_RESPONSES:PSL_OTHER_MESSAGES:DATA_USAGE_SHARING_PURPOSE,PSL_ACCOUNT_MANAGEMENT,,MULTIPLE_CHOICE,Uso y manejo de datos (Otros mensajes desde la app)/¿Para qué se usan y comparten los datos de los usuarios? Selecciona todas las opciones que correspondan./Administración de la cuenta
PSL_DATA_USAGE_RESPONSES:PSL_PHOTOS:PSL_DATA_USAGE_COLLECTION_AND_SHARING,PSL_DATA_USAGE_ONLY_COLLECTED,true,MULTIPLE_CHOICE,"Uso y manejo de datos (Fotos)/¿Estos datos se recopilan, se comparten o ambas?/Recopilados"
PSL_DATA_USAGE_RESPONSES:PSL_PHOTOS:PSL_DATA_USAGE_COLLECTION_AND_SHARING,PSL_DATA_USAGE_ONLY_SHARED,,MULTIPLE_CHOICE,"Uso y manejo de datos (Fotos)/¿Estos datos se recopilan, se comparten o ambas?/Compartidos"
PSL_DATA_USAGE_RESPONSES:PSL_PHOTOS:PSL_DATA_USAGE_EPHEMERAL,,false,MAYBE_REQUIRED,Uso y manejo de datos (Fotos)/¿Estos datos se procesan de forma efímera?
PSL_DATA_USAGE_RESPONSES:PSL_PHOTOS:DATA_USAGE_USER_CONTROL,PSL_DATA_USAGE_USER_CONTROL_OPTIONAL,true,SINGLE_CHOICE,Uso y manejo de datos (Fotos)/¿Estos datos son necesarios para tu app o los usuarios pueden decidir si se recopilan o no?/Los usuarios pueden decidir si los datos se recopilan o no
PSL_DATA_USAGE_RESPONSES:PSL_PHOTOS:DATA_USAGE_USER_CONTROL,PSL_DATA_USAGE_USER_CONTROL_REQUIRED,,SINGLE_CHOICE,Uso y manejo de datos (Fotos)/¿Estos datos son necesarios para tu app o los usuarios pueden decidir si se recopilan o no?/La recopilación de datos es necesaria (los usuarios no pueden desactivar esta opción)
PSL_DATA_USAGE_RESPONSES:PSL_PHOTOS:DATA_USAGE_COLLECTION_PURPOSE,PSL_APP_FUNCTIONALITY,true,MULTIPLE_CHOICE,Uso y manejo de datos (Fotos)/¿Por qué se recopilan los datos de los usuarios? Selecciona todas las opciones que correspondan./Funciones de la app
PSL_DATA_USAGE_RESPONSES:PSL_PHOTOS:DATA_USAGE_COLLECTION_PURPOSE,PSL_ANALYTICS,,MULTIPLE_CHOICE,Uso y manejo de datos (Fotos)/¿Por qué se recopilan los datos de los usuarios? Selecciona todas las opciones que correspondan./Estadísticas
PSL_DATA_USAGE_RESPONSES:PSL_PHOTOS:DATA_USAGE_COLLECTION_PURPOSE,PSL_DEVELOPER_COMMUNICATIONS,,MULTIPLE_CHOICE,Uso y manejo de datos (Fotos)/¿Por qué se recopilan los datos de los usuarios? Selecciona todas las opciones que correspondan./Comunicaciones del desarrollador
PSL_DATA_USAGE_RESPONSES:PSL_PHOTOS:DATA_USAGE_COLLECTION_PURPOSE,PSL_FRAUD_PREVENTION_SECURITY,,MULTIPLE_CHOICE,"Uso y manejo de datos (Fotos)/¿Por qué se recopilan los datos de los usuarios? Selecciona todas las opciones que correspondan./Seguridad, cumplimiento y prevención de fraudes"
PSL_DATA_USAGE_RESPONSES:PSL_PHOTOS:DATA_USAGE_COLLECTION_PURPOSE,PSL_ADVERTISING,,MULTIPLE_CHOICE,Uso y manejo de datos (Fotos)/¿Por qué se recopilan los datos de los usuarios? Selecciona todas las opciones que correspondan./Publicidad o marketing
PSL_DATA_USAGE_RESPONSES:PSL_PHOTOS:DATA_USAGE_COLLECTION_PURPOSE,PSL_PERSONALIZATION,,MULTIPLE_CHOICE,Uso y manejo de datos (Fotos)/¿Por qué se recopilan los datos de los usuarios? Selecciona todas las opciones que correspondan./Personalización
PSL_DATA_USAGE_RESPONSES:PSL_PHOTOS:DATA_USAGE_COLLECTION_PURPOSE,PSL_ACCOUNT_MANAGEMENT,,MULTIPLE_CHOICE,Uso y manejo de datos (Fotos)/¿Por qué se recopilan los datos de los usuarios? Selecciona todas las opciones que correspondan./Administración de la cuenta
PSL_DATA_USAGE_RESPONSES:PSL_PHOTOS:DATA_USAGE_SHARING_PURPOSE,PSL_APP_FUNCTIONALITY,,MULTIPLE_CHOICE,Uso y manejo de datos (Fotos)/¿Para qué se usan y comparten los datos de los usuarios? Selecciona todas las opciones que correspondan./Funciones de la app
PSL_DATA_USAGE_RESPONSES:PSL_PHOTOS:DATA_USAGE_SHARING_PURPOSE,PSL_ANALYTICS,,MULTIPLE_CHOICE,Uso y manejo de datos (Fotos)/¿Para qué se usan y comparten los datos de los usuarios? Selecciona todas las opciones que correspondan./Estadísticas
PSL_DATA_USAGE_RESPONSES:PSL_PHOTOS:DATA_USAGE_SHARING_PURPOSE,PSL_DEVELOPER_COMMUNICATIONS,,MULTIPLE_CHOICE,Uso y manejo de datos (Fotos)/¿Para qué se usan y comparten los datos de los usuarios? Selecciona todas las opciones que correspondan./Comunicaciones del desarrollador
PSL_DATA_USAGE_RESPONSES:PSL_PHOTOS:DATA_USAGE_SHARING_PURPOSE,PSL_FRAUD_PREVENTION_SECURITY,,MULTIPLE_CHOICE,"Uso y manejo de datos (Fotos)/¿Para qué se usan y comparten los datos de los usuarios? Selecciona todas las opciones que correspondan./Seguridad, cumplimiento y prevención de fraudes"
PSL_DATA_USAGE_RESPONSES:PSL_PHOTOS:DATA_USAGE_SHARING_PURPOSE,PSL_ADVERTISING,,MULTIPLE_CHOICE,Uso y manejo de datos (Fotos)/¿Para qué se usan y comparten los datos de los usuarios? Selecciona todas las opciones que correspondan./Publicidad o marketing
PSL_DATA_USAGE_RESPONSES:PSL_PHOTOS:DATA_USAGE_SHARING_PURPOSE,PSL_PERSONALIZATION,,MULTIPLE_CHOICE,Uso y manejo de datos (Fotos)/¿Para qué se usan y comparten los datos de los usuarios? Selecciona todas las opciones que correspondan./Personalización
PSL_DATA_USAGE_RESPONSES:PSL_PHOTOS:DATA_USAGE_SHARING_PURPOSE,PSL_ACCOUNT_MANAGEMENT,,MULTIPLE_CHOICE,Uso y manejo de datos (Fotos)/¿Para qué se usan y comparten los datos de los usuarios? Selecciona todas las opciones que correspondan./Administración de la cuenta
PSL_DATA_USAGE_RESPONSES:PSL_VIDEOS:PSL_DATA_USAGE_COLLECTION_AND_SHARING,PSL_DATA_USAGE_ONLY_COLLECTED,,MULTIPLE_CHOICE,"Uso y manejo de datos (Videos)/¿Estos datos se recopilan, se comparten o ambas?/Recopilados"
PSL_DATA_USAGE_RESPONSES:PSL_VIDEOS:PSL_DATA_USAGE_COLLECTION_AND_SHARING,PSL_DATA_USAGE_ONLY_SHARED,,MULTIPLE_CHOICE,"Uso y manejo de datos (Videos)/¿Estos datos se recopilan, se comparten o ambas?/Compartidos"
PSL_DATA_USAGE_RESPONSES:PSL_VIDEOS:PSL_DATA_USAGE_EPHEMERAL,,,MAYBE_REQUIRED,Uso y manejo de datos (Videos)/¿Estos datos se procesan de forma efímera?
PSL_DATA_USAGE_RESPONSES:PSL_VIDEOS:DATA_USAGE_USER_CONTROL,PSL_DATA_USAGE_USER_CONTROL_OPTIONAL,,SINGLE_CHOICE,Uso y manejo de datos (Videos)/¿Estos datos son necesarios para tu app o los usuarios pueden decidir si se recopilan o no?/Los usuarios pueden decidir si los datos se recopilan o no
PSL_DATA_USAGE_RESPONSES:PSL_VIDEOS:DATA_USAGE_USER_CONTROL,PSL_DATA_USAGE_USER_CONTROL_REQUIRED,,SINGLE_CHOICE,Uso y manejo de datos (Videos)/¿Estos datos son necesarios para tu app o los usuarios pueden decidir si se recopilan o no?/La recopilación de datos es necesaria (los usuarios no pueden desactivar esta opción)
PSL_DATA_USAGE_RESPONSES:PSL_VIDEOS:DATA_USAGE_COLLECTION_PURPOSE,PSL_APP_FUNCTIONALITY,,MULTIPLE_CHOICE,Uso y manejo de datos (Videos)/¿Por qué se recopilan los datos de los usuarios? Selecciona todas las opciones que correspondan./Funciones de la app
PSL_DATA_USAGE_RESPONSES:PSL_VIDEOS:DATA_USAGE_COLLECTION_PURPOSE,PSL_ANALYTICS,,MULTIPLE_CHOICE,Uso y manejo de datos (Videos)/¿Por qué se recopilan los datos de los usuarios? Selecciona todas las opciones que correspondan./Estadísticas
PSL_DATA_USAGE_RESPONSES:PSL_VIDEOS:DATA_USAGE_COLLECTION_PURPOSE,PSL_DEVELOPER_COMMUNICATIONS,,MULTIPLE_CHOICE,Uso y manejo de datos (Videos)/¿Por qué se recopilan los datos de los usuarios? Selecciona todas las opciones que correspondan./Comunicaciones del desarrollador
PSL_DATA_USAGE_RESPONSES:PSL_VIDEOS:DATA_USAGE_COLLECTION_PURPOSE,PSL_FRAUD_PREVENTION_SECURITY,,MULTIPLE_CHOICE,"Uso y manejo de datos (Videos)/¿Por qué se recopilan los datos de los usuarios? Selecciona todas las opciones que correspondan./Seguridad, cumplimiento y prevención de fraudes"
PSL_DATA_USAGE_RESPONSES:PSL_VIDEOS:DATA_USAGE_COLLECTION_PURPOSE,PSL_ADVERTISING,,MULTIPLE_CHOICE,Uso y manejo de datos (Videos)/¿Por qué se recopilan los datos de los usuarios? Selecciona todas las opciones que correspondan./Publicidad o marketing
PSL_DATA_USAGE_RESPONSES:PSL_VIDEOS:DATA_USAGE_COLLECTION_PURPOSE,PSL_PERSONALIZATION,,MULTIPLE_CHOICE,Uso y manejo de datos (Videos)/¿Por qué se recopilan los datos de los usuarios? Selecciona todas las opciones que correspondan./Personalización
PSL_DATA_USAGE_RESPONSES:PSL_VIDEOS:DATA_USAGE_COLLECTION_PURPOSE,PSL_ACCOUNT_MANAGEMENT,,MULTIPLE_CHOICE,Uso y manejo de datos (Videos)/¿Por qué se recopilan los datos de los usuarios? Selecciona todas las opciones que correspondan./Administración de la cuenta
PSL_DATA_USAGE_RESPONSES:PSL_VIDEOS:DATA_USAGE_SHARING_PURPOSE,PSL_APP_FUNCTIONALITY,,MULTIPLE_CHOICE,Uso y manejo de datos (Videos)/¿Para qué se usan y comparten los datos de los usuarios? Selecciona todas las opciones que correspondan./Funciones de la app
PSL_DATA_USAGE_RESPONSES:PSL_VIDEOS:DATA_USAGE_SHARING_PURPOSE,PSL_ANALYTICS,,MULTIPLE_CHOICE,Uso y manejo de datos (Videos)/¿Para qué se usan y comparten los datos de los usuarios? Selecciona todas las opciones que correspondan./Estadísticas
PSL_DATA_USAGE_RESPONSES:PSL_VIDEOS:DATA_USAGE_SHARING_PURPOSE,PSL_DEVELOPER_COMMUNICATIONS,,MULTIPLE_CHOICE,Uso y manejo de datos (Videos)/¿Para qué se usan y comparten los datos de los usuarios? Selecciona todas las opciones que correspondan./Comunicaciones del desarrollador
PSL_DATA_USAGE_RESPONSES:PSL_VIDEOS:DATA_USAGE_SHARING_PURPOSE,PSL_FRAUD_PREVENTION_SECURITY,,MULTIPLE_CHOICE,"Uso y manejo de datos (Videos)/¿Para qué se usan y comparten los datos de los usuarios? Selecciona todas las opciones que correspondan./Seguridad, cumplimiento y prevención de fraudes"
PSL_DATA_USAGE_RESPONSES:PSL_VIDEOS:DATA_USAGE_SHARING_PURPOSE,PSL_ADVERTISING,,MULTIPLE_CHOICE,Uso y manejo de datos (Videos)/¿Para qué se usan y comparten los datos de los usuarios? Selecciona todas las opciones que correspondan./Publicidad o marketing
PSL_DATA_USAGE_RESPONSES:PSL_VIDEOS:DATA_USAGE_SHARING_PURPOSE,PSL_PERSONALIZATION,,MULTIPLE_CHOICE,Uso y manejo de datos (Videos)/¿Para qué se usan y comparten los datos de los usuarios? Selecciona todas las opciones que correspondan./Personalización
PSL_DATA_USAGE_RESPONSES:PSL_VIDEOS:DATA_USAGE_SHARING_PURPOSE,PSL_ACCOUNT_MANAGEMENT,,MULTIPLE_CHOICE,Uso y manejo de datos (Videos)/¿Para qué se usan y comparten los datos de los usuarios? Selecciona todas las opciones que correspondan./Administración de la cuenta
PSL_DATA_USAGE_RESPONSES:PSL_AUDIO:PSL_DATA_USAGE_COLLECTION_AND_SHARING,PSL_DATA_USAGE_ONLY_COLLECTED,,MULTIPLE_CHOICE,"Uso y manejo de datos (Grabaciones de voz o sonido)/¿Estos datos se recopilan, se comparten o ambas?/Recopilados"
PSL_DATA_USAGE_RESPONSES:PSL_AUDIO:PSL_DATA_USAGE_COLLECTION_AND_SHARING,PSL_DATA_USAGE_ONLY_SHARED,,MULTIPLE_CHOICE,"Uso y manejo de datos (Grabaciones de voz o sonido)/¿Estos datos se recopilan, se comparten o ambas?/Compartidos"
PSL_DATA_USAGE_RESPONSES:PSL_AUDIO:PSL_DATA_USAGE_EPHEMERAL,,,MAYBE_REQUIRED,Uso y manejo de datos (Grabaciones de voz o sonido)/¿Estos datos se procesan de forma efímera?
PSL_DATA_USAGE_RESPONSES:PSL_AUDIO:DATA_USAGE_USER_CONTROL,PSL_DATA_USAGE_USER_CONTROL_OPTIONAL,,SINGLE_CHOICE,Uso y manejo de datos (Grabaciones de voz o sonido)/¿Estos datos son necesarios para tu app o los usuarios pueden decidir si se recopilan o no?/Los usuarios pueden decidir si los datos se recopilan o no
PSL_DATA_USAGE_RESPONSES:PSL_AUDIO:DATA_USAGE_USER_CONTROL,PSL_DATA_USAGE_USER_CONTROL_REQUIRED,,SINGLE_CHOICE,Uso y manejo de datos (Grabaciones de voz o sonido)/¿Estos datos son necesarios para tu app o los usuarios pueden decidir si se recopilan o no?/La recopilación de datos es necesaria (los usuarios no pueden desactivar esta opción)
PSL_DATA_USAGE_RESPONSES:PSL_AUDIO:DATA_USAGE_COLLECTION_PURPOSE,PSL_APP_FUNCTIONALITY,,MULTIPLE_CHOICE,Uso y manejo de datos (Grabaciones de voz o sonido)/¿Por qué se recopilan los datos de los usuarios? Selecciona todas las opciones que correspondan./Funciones de la app
PSL_DATA_USAGE_RESPONSES:PSL_AUDIO:DATA_USAGE_COLLECTION_PURPOSE,PSL_ANALYTICS,,MULTIPLE_CHOICE,Uso y manejo de datos (Grabaciones de voz o sonido)/¿Por qué se recopilan los datos de los usuarios? Selecciona todas las opciones que correspondan./Estadísticas
PSL_DATA_USAGE_RESPONSES:PSL_AUDIO:DATA_USAGE_COLLECTION_PURPOSE,PSL_DEVELOPER_COMMUNICATIONS,,MULTIPLE_CHOICE,Uso y manejo de datos (Grabaciones de voz o sonido)/¿Por qué se recopilan los datos de los usuarios? Selecciona todas las opciones que correspondan./Comunicaciones del desarrollador
PSL_DATA_USAGE_RESPONSES:PSL_AUDIO:DATA_USAGE_COLLECTION_PURPOSE,PSL_FRAUD_PREVENTION_SECURITY,,MULTIPLE_CHOICE,"Uso y manejo de datos (Grabaciones de voz o sonido)/¿Por qué se recopilan los datos de los usuarios? Selecciona todas las opciones que correspondan./Seguridad, cumplimiento y prevención de fraudes"
PSL_DATA_USAGE_RESPONSES:PSL_AUDIO:DATA_USAGE_COLLECTION_PURPOSE,PSL_ADVERTISING,,MULTIPLE_CHOICE,Uso y manejo de datos (Grabaciones de voz o sonido)/¿Por qué se recopilan los datos de los usuarios? Selecciona todas las opciones que correspondan./Publicidad o marketing
PSL_DATA_USAGE_RESPONSES:PSL_AUDIO:DATA_USAGE_COLLECTION_PURPOSE,PSL_PERSONALIZATION,,MULTIPLE_CHOICE,Uso y manejo de datos (Grabaciones de voz o sonido)/¿Por qué se recopilan los datos de los usuarios? Selecciona todas las opciones que correspondan./Personalización
PSL_DATA_USAGE_RESPONSES:PSL_AUDIO:DATA_USAGE_COLLECTION_PURPOSE,PSL_ACCOUNT_MANAGEMENT,,MULTIPLE_CHOICE,Uso y manejo de datos (Grabaciones de voz o sonido)/¿Por qué se recopilan los datos de los usuarios? Selecciona todas las opciones que correspondan./Administración de la cuenta
PSL_DATA_USAGE_RESPONSES:PSL_AUDIO:DATA_USAGE_SHARING_PURPOSE,PSL_APP_FUNCTIONALITY,,MULTIPLE_CHOICE,Uso y manejo de datos (Grabaciones de voz o sonido)/¿Para qué se usan y comparten los datos de los usuarios? Selecciona todas las opciones que correspondan./Funciones de la app
PSL_DATA_USAGE_RESPONSES:PSL_AUDIO:DATA_USAGE_SHARING_PURPOSE,PSL_ANALYTICS,,MULTIPLE_CHOICE,Uso y manejo de datos (Grabaciones de voz o sonido)/¿Para qué se usan y comparten los datos de los usuarios? Selecciona todas las opciones que correspondan./Estadísticas
PSL_DATA_USAGE_RESPONSES:PSL_AUDIO:DATA_USAGE_SHARING_PURPOSE,PSL_DEVELOPER_COMMUNICATIONS,,MULTIPLE_CHOICE,Uso y manejo de datos (Grabaciones de voz o sonido)/¿Para qué se usan y comparten los datos de los usuarios? Selecciona todas las opciones que correspondan./Comunicaciones del desarrollador
PSL_DATA_USAGE_RESPONSES:PSL_AUDIO:DATA_USAGE_SHARING_PURPOSE,PSL_FRAUD_PREVENTION_SECURITY,,MULTIPLE_CHOICE,"Uso y manejo de datos (Grabaciones de voz o sonido)/¿Para qué se usan y comparten los datos de los usuarios? Selecciona todas las opciones que correspondan./Seguridad, cumplimiento y prevención de fraudes"
PSL_DATA_USAGE_RESPONSES:PSL_AUDIO:DATA_USAGE_SHARING_PURPOSE,PSL_ADVERTISING,,MULTIPLE_CHOICE,Uso y manejo de datos (Grabaciones de voz o sonido)/¿Para qué se usan y comparten los datos de los usuarios? Selecciona todas las opciones que correspondan./Publicidad o marketing
PSL_DATA_USAGE_RESPONSES:PSL_AUDIO:DATA_USAGE_SHARING_PURPOSE,PSL_PERSONALIZATION,,MULTIPLE_CHOICE,Uso y manejo de datos (Grabaciones de voz o sonido)/¿Para qué se usan y comparten los datos de los usuarios? Selecciona todas las opciones que correspondan./Personalización
PSL_DATA_USAGE_RESPONSES:PSL_AUDIO:DATA_USAGE_SHARING_PURPOSE,PSL_ACCOUNT_MANAGEMENT,,MULTIPLE_CHOICE,Uso y manejo de datos (Grabaciones de voz o sonido)/¿Para qué se usan y comparten los datos de los usuarios? Selecciona todas las opciones que correspondan./Administración de la cuenta
PSL_DATA_USAGE_RESPONSES:PSL_MUSIC:PSL_DATA_USAGE_COLLECTION_AND_SHARING,PSL_DATA_USAGE_ONLY_COLLECTED,,MULTIPLE_CHOICE,"Uso y manejo de datos (Archivos de música)/¿Estos datos se recopilan, se comparten o ambas?/Recopilados"
PSL_DATA_USAGE_RESPONSES:PSL_MUSIC:PSL_DATA_USAGE_COLLECTION_AND_SHARING,PSL_DATA_USAGE_ONLY_SHARED,,MULTIPLE_CHOICE,"Uso y manejo de datos (Archivos de música)/¿Estos datos se recopilan, se comparten o ambas?/Compartidos"
PSL_DATA_USAGE_RESPONSES:PSL_MUSIC:PSL_DATA_USAGE_EPHEMERAL,,,MAYBE_REQUIRED,Uso y manejo de datos (Archivos de música)/¿Estos datos se procesan de forma efímera?
PSL_DATA_USAGE_RESPONSES:PSL_MUSIC:DATA_USAGE_USER_CONTROL,PSL_DATA_USAGE_USER_CONTROL_OPTIONAL,,SINGLE_CHOICE,Uso y manejo de datos (Archivos de música)/¿Estos datos son necesarios para tu app o los usuarios pueden decidir si se recopilan o no?/Los usuarios pueden decidir si los datos se recopilan o no
PSL_DATA_USAGE_RESPONSES:PSL_MUSIC:DATA_USAGE_USER_CONTROL,PSL_DATA_USAGE_USER_CONTROL_REQUIRED,,SINGLE_CHOICE,Uso y manejo de datos (Archivos de música)/¿Estos datos son necesarios para tu app o los usuarios pueden decidir si se recopilan o no?/La recopilación de datos es necesaria (los usuarios no pueden desactivar esta opción)
PSL_DATA_USAGE_RESPONSES:PSL_MUSIC:DATA_USAGE_COLLECTION_PURPOSE,PSL_APP_FUNCTIONALITY,,MULTIPLE_CHOICE,Uso y manejo de datos (Archivos de música)/¿Por qué se recopilan los datos de los usuarios? Selecciona todas las opciones que correspondan./Funciones de la app
PSL_DATA_USAGE_RESPONSES:PSL_MUSIC:DATA_USAGE_COLLECTION_PURPOSE,PSL_ANALYTICS,,MULTIPLE_CHOICE,Uso y manejo de datos (Archivos de música)/¿Por qué se recopilan los datos de los usuarios? Selecciona todas las opciones que correspondan./Estadísticas
PSL_DATA_USAGE_RESPONSES:PSL_MUSIC:DATA_USAGE_COLLECTION_PURPOSE,PSL_DEVELOPER_COMMUNICATIONS,,MULTIPLE_CHOICE,Uso y manejo de datos (Archivos de música)/¿Por qué se recopilan los datos de los usuarios? Selecciona todas las opciones que correspondan./Comunicaciones del desarrollador
PSL_DATA_USAGE_RESPONSES:PSL_MUSIC:DATA_USAGE_COLLECTION_PURPOSE,PSL_FRAUD_PREVENTION_SECURITY,,MULTIPLE_CHOICE,"Uso y manejo de datos (Archivos de música)/¿Por qué se recopilan los datos de los usuarios? Selecciona todas las opciones que correspondan./Seguridad, cumplimiento y prevención de fraudes"
PSL_DATA_USAGE_RESPONSES:PSL_MUSIC:DATA_USAGE_COLLECTION_PURPOSE,PSL_ADVERTISING,,MULTIPLE_CHOICE,Uso y manejo de datos (Archivos de música)/¿Por qué se recopilan los datos de los usuarios? Selecciona todas las opciones que correspondan./Publicidad o marketing
PSL_DATA_USAGE_RESPONSES:PSL_MUSIC:DATA_USAGE_COLLECTION_PURPOSE,PSL_PERSONALIZATION,,MULTIPLE_CHOICE,Uso y manejo de datos (Archivos de música)/¿Por qué se recopilan los datos de los usuarios? Selecciona todas las opciones que correspondan./Personalización
PSL_DATA_USAGE_RESPONSES:PSL_MUSIC:DATA_USAGE_COLLECTION_PURPOSE,PSL_ACCOUNT_MANAGEMENT,,MULTIPLE_CHOICE,Uso y manejo de datos (Archivos de música)/¿Por qué se recopilan los datos de los usuarios? Selecciona todas las opciones que correspondan./Administración de la cuenta
PSL_DATA_USAGE_RESPONSES:PSL_MUSIC:DATA_USAGE_SHARING_PURPOSE,PSL_APP_FUNCTIONALITY,,MULTIPLE_CHOICE,Uso y manejo de datos (Archivos de música)/¿Para qué se usan y comparten los datos de los usuarios? Selecciona todas las opciones que correspondan./Funciones de la app
PSL_DATA_USAGE_RESPONSES:PSL_MUSIC:DATA_USAGE_SHARING_PURPOSE,PSL_ANALYTICS,,MULTIPLE_CHOICE,Uso y manejo de datos (Archivos de música)/¿Para qué se usan y comparten los datos de los usuarios? Selecciona todas las opciones que correspondan./Estadísticas
PSL_DATA_USAGE_RESPONSES:PSL_MUSIC:DATA_USAGE_SHARING_PURPOSE,PSL_DEVELOPER_COMMUNICATIONS,,MULTIPLE_CHOICE,Uso y manejo de datos (Archivos de música)/¿Para qué se usan y comparten los datos de los usuarios? Selecciona todas las opciones que correspondan./Comunicaciones del desarrollador
PSL_DATA_USAGE_RESPONSES:PSL_MUSIC:DATA_USAGE_SHARING_PURPOSE,PSL_FRAUD_PREVENTION_SECURITY,,MULTIPLE_CHOICE,"Uso y manejo de datos (Archivos de música)/¿Para qué se usan y comparten los datos de los usuarios? Selecciona todas las opciones que correspondan./Seguridad, cumplimiento y prevención de fraudes"
PSL_DATA_USAGE_RESPONSES:PSL_MUSIC:DATA_USAGE_SHARING_PURPOSE,PSL_ADVERTISING,,MULTIPLE_CHOICE,Uso y manejo de datos (Archivos de música)/¿Para qué se usan y comparten los datos de los usuarios? Selecciona todas las opciones que correspondan./Publicidad o marketing
PSL_DATA_USAGE_RESPONSES:PSL_MUSIC:DATA_USAGE_SHARING_PURPOSE,PSL_PERSONALIZATION,,MULTIPLE_CHOICE,Uso y manejo de datos (Archivos de música)/¿Para qué se usan y comparten los datos de los usuarios? Selecciona todas las opciones que correspondan./Personalización
PSL_DATA_USAGE_RESPONSES:PSL_MUSIC:DATA_USAGE_SHARING_PURPOSE,PSL_ACCOUNT_MANAGEMENT,,MULTIPLE_CHOICE,Uso y manejo de datos (Archivos de música)/¿Para qué se usan y comparten los datos de los usuarios? Selecciona todas las opciones que correspondan./Administración de la cuenta
PSL_DATA_USAGE_RESPONSES:PSL_OTHER_AUDIO:PSL_DATA_USAGE_COLLECTION_AND_SHARING,PSL_DATA_USAGE_ONLY_COLLECTED,,MULTIPLE_CHOICE,"Uso y manejo de datos (Otros archivos de audio)/¿Estos datos se recopilan, se comparten o ambas?/Recopilados"
PSL_DATA_USAGE_RESPONSES:PSL_OTHER_AUDIO:PSL_DATA_USAGE_COLLECTION_AND_SHARING,PSL_DATA_USAGE_ONLY_SHARED,,MULTIPLE_CHOICE,"Uso y manejo de datos (Otros archivos de audio)/¿Estos datos se recopilan, se comparten o ambas?/Compartidos"
PSL_DATA_USAGE_RESPONSES:PSL_OTHER_AUDIO:PSL_DATA_USAGE_EPHEMERAL,,,MAYBE_REQUIRED,Uso y manejo de datos (Otros archivos de audio)/¿Estos datos se procesan de forma efímera?
PSL_DATA_USAGE_RESPONSES:PSL_OTHER_AUDIO:DATA_USAGE_USER_CONTROL,PSL_DATA_USAGE_USER_CONTROL_OPTIONAL,,SINGLE_CHOICE,Uso y manejo de datos (Otros archivos de audio)/¿Estos datos son necesarios para tu app o los usuarios pueden decidir si se recopilan o no?/Los usuarios pueden decidir si los datos se recopilan o no
PSL_DATA_USAGE_RESPONSES:PSL_OTHER_AUDIO:DATA_USAGE_USER_CONTROL,PSL_DATA_USAGE_USER_CONTROL_REQUIRED,,SINGLE_CHOICE,Uso y manejo de datos (Otros archivos de audio)/¿Estos datos son necesarios para tu app o los usuarios pueden decidir si se recopilan o no?/La recopilación de datos es necesaria (los usuarios no pueden desactivar esta opción)
PSL_DATA_USAGE_RESPONSES:PSL_OTHER_AUDIO:DATA_USAGE_COLLECTION_PURPOSE,PSL_APP_FUNCTIONALITY,,MULTIPLE_CHOICE,Uso y manejo de datos (Otros archivos de audio)/¿Por qué se recopilan los datos de los usuarios? Selecciona todas las opciones que correspondan./Funciones de la app
PSL_DATA_USAGE_RESPONSES:PSL_OTHER_AUDIO:DATA_USAGE_COLLECTION_PURPOSE,PSL_ANALYTICS,,MULTIPLE_CHOICE,Uso y manejo de datos (Otros archivos de audio)/¿Por qué se recopilan los datos de los usuarios? Selecciona todas las opciones que correspondan./Estadísticas
PSL_DATA_USAGE_RESPONSES:PSL_OTHER_AUDIO:DATA_USAGE_COLLECTION_PURPOSE,PSL_DEVELOPER_COMMUNICATIONS,,MULTIPLE_CHOICE,Uso y manejo de datos (Otros archivos de audio)/¿Por qué se recopilan los datos de los usuarios? Selecciona todas las opciones que correspondan./Comunicaciones del desarrollador
PSL_DATA_USAGE_RESPONSES:PSL_OTHER_AUDIO:DATA_USAGE_COLLECTION_PURPOSE,PSL_FRAUD_PREVENTION_SECURITY,,MULTIPLE_CHOICE,"Uso y manejo de datos (Otros archivos de audio)/¿Por qué se recopilan los datos de los usuarios? Selecciona todas las opciones que correspondan./Seguridad, cumplimiento y prevención de fraudes"
PSL_DATA_USAGE_RESPONSES:PSL_OTHER_AUDIO:DATA_USAGE_COLLECTION_PURPOSE,PSL_ADVERTISING,,MULTIPLE_CHOICE,Uso y manejo de datos (Otros archivos de audio)/¿Por qué se recopilan los datos de los usuarios? Selecciona todas las opciones que correspondan./Publicidad o marketing
PSL_DATA_USAGE_RESPONSES:PSL_OTHER_AUDIO:DATA_USAGE_COLLECTION_PURPOSE,PSL_PERSONALIZATION,,MULTIPLE_CHOICE,Uso y manejo de datos (Otros archivos de audio)/¿Por qué se recopilan los datos de los usuarios? Selecciona todas las opciones que correspondan./Personalización
PSL_DATA_USAGE_RESPONSES:PSL_OTHER_AUDIO:DATA_USAGE_COLLECTION_PURPOSE,PSL_ACCOUNT_MANAGEMENT,,MULTIPLE_CHOICE,Uso y manejo de datos (Otros archivos de audio)/¿Por qué se recopilan los datos de los usuarios? Selecciona todas las opciones que correspondan./Administración de la cuenta
PSL_DATA_USAGE_RESPONSES:PSL_OTHER_AUDIO:DATA_USAGE_SHARING_PURPOSE,PSL_APP_FUNCTIONALITY,,MULTIPLE_CHOICE,Uso y manejo de datos (Otros archivos de audio)/¿Para qué se usan y comparten los datos de los usuarios? Selecciona todas las opciones que correspondan./Funciones de la app
PSL_DATA_USAGE_RESPONSES:PSL_OTHER_AUDIO:DATA_USAGE_SHARING_PURPOSE,PSL_ANALYTICS,,MULTIPLE_CHOICE,Uso y manejo de datos (Otros archivos de audio)/¿Para qué se usan y comparten los datos de los usuarios? Selecciona todas las opciones que correspondan./Estadísticas
PSL_DATA_USAGE_RESPONSES:PSL_OTHER_AUDIO:DATA_USAGE_SHARING_PURPOSE,PSL_DEVELOPER_COMMUNICATIONS,,MULTIPLE_CHOICE,Uso y manejo de datos (Otros archivos de audio)/¿Para qué se usan y comparten los datos de los usuarios? Selecciona todas las opciones que correspondan./Comunicaciones del desarrollador
PSL_DATA_USAGE_RESPONSES:PSL_OTHER_AUDIO:DATA_USAGE_SHARING_PURPOSE,PSL_FRAUD_PREVENTION_SECURITY,,MULTIPLE_CHOICE,"Uso y manejo de datos (Otros archivos de audio)/¿Para qué se usan y comparten los datos de los usuarios? Selecciona todas las opciones que correspondan./Seguridad, cumplimiento y prevención de fraudes"
PSL_DATA_USAGE_RESPONSES:PSL_OTHER_AUDIO:DATA_USAGE_SHARING_PURPOSE,PSL_ADVERTISING,,MULTIPLE_CHOICE,Uso y manejo de datos (Otros archivos de audio)/¿Para qué se usan y comparten los datos de los usuarios? Selecciona todas las opciones que correspondan./Publicidad o marketing
PSL_DATA_USAGE_RESPONSES:PSL_OTHER_AUDIO:DATA_USAGE_SHARING_PURPOSE,PSL_PERSONALIZATION,,MULTIPLE_CHOICE,Uso y manejo de datos (Otros archivos de audio)/¿Para qué se usan y comparten los datos de los usuarios? Selecciona todas las opciones que correspondan./Personalización
PSL_DATA_USAGE_RESPONSES:PSL_OTHER_AUDIO:DATA_USAGE_SHARING_PURPOSE,PSL_ACCOUNT_MANAGEMENT,,MULTIPLE_CHOICE,Uso y manejo de datos (Otros archivos de audio)/¿Para qué se usan y comparten los datos de los usuarios? Selecciona todas las opciones que correspondan./Administración de la cuenta
PSL_DATA_USAGE_RESPONSES:PSL_HEALTH:PSL_DATA_USAGE_COLLECTION_AND_SHARING,PSL_DATA_USAGE_ONLY_COLLECTED,,MULTIPLE_CHOICE,"Uso y manejo de datos (Información sanitaria)/¿Estos datos se recopilan, se comparten o ambas?/Recopilados"
PSL_DATA_USAGE_RESPONSES:PSL_HEALTH:PSL_DATA_USAGE_COLLECTION_AND_SHARING,PSL_DATA_USAGE_ONLY_SHARED,,MULTIPLE_CHOICE,"Uso y manejo de datos (Información sanitaria)/¿Estos datos se recopilan, se comparten o ambas?/Compartidos"
PSL_DATA_USAGE_RESPONSES:PSL_HEALTH:PSL_DATA_USAGE_EPHEMERAL,,,MAYBE_REQUIRED,Uso y manejo de datos (Información sanitaria)/¿Estos datos se procesan de forma efímera?
PSL_DATA_USAGE_RESPONSES:PSL_HEALTH:DATA_USAGE_USER_CONTROL,PSL_DATA_USAGE_USER_CONTROL_OPTIONAL,,SINGLE_CHOICE,Uso y manejo de datos (Información sanitaria)/¿Estos datos son necesarios para tu app o los usuarios pueden decidir si se recopilan o no?/Los usuarios pueden decidir si los datos se recopilan o no
PSL_DATA_USAGE_RESPONSES:PSL_HEALTH:DATA_USAGE_USER_CONTROL,PSL_DATA_USAGE_USER_CONTROL_REQUIRED,,SINGLE_CHOICE,Uso y manejo de datos (Información sanitaria)/¿Estos datos son necesarios para tu app o los usuarios pueden decidir si se recopilan o no?/La recopilación de datos es necesaria (los usuarios no pueden desactivar esta opción)
PSL_DATA_USAGE_RESPONSES:PSL_HEALTH:DATA_USAGE_COLLECTION_PURPOSE,PSL_APP_FUNCTIONALITY,,MULTIPLE_CHOICE,Uso y manejo de datos (Información sanitaria)/¿Por qué se recopilan los datos de los usuarios? Selecciona todas las opciones que correspondan./Funciones de la app
PSL_DATA_USAGE_RESPONSES:PSL_HEALTH:DATA_USAGE_COLLECTION_PURPOSE,PSL_ANALYTICS,,MULTIPLE_CHOICE,Uso y manejo de datos (Información sanitaria)/¿Por qué se recopilan los datos de los usuarios? Selecciona todas las opciones que correspondan./Estadísticas
PSL_DATA_USAGE_RESPONSES:PSL_HEALTH:DATA_USAGE_COLLECTION_PURPOSE,PSL_DEVELOPER_COMMUNICATIONS,,MULTIPLE_CHOICE,Uso y manejo de datos (Información sanitaria)/¿Por qué se recopilan los datos de los usuarios? Selecciona todas las opciones que correspondan./Comunicaciones del desarrollador
PSL_DATA_USAGE_RESPONSES:PSL_HEALTH:DATA_USAGE_COLLECTION_PURPOSE,PSL_FRAUD_PREVENTION_SECURITY,,MULTIPLE_CHOICE,"Uso y manejo de datos (Información sanitaria)/¿Por qué se recopilan los datos de los usuarios? Selecciona todas las opciones que correspondan./Seguridad, cumplimiento y prevención de fraudes"
PSL_DATA_USAGE_RESPONSES:PSL_HEALTH:DATA_USAGE_COLLECTION_PURPOSE,PSL_ADVERTISING,,MULTIPLE_CHOICE,Uso y manejo de datos (Información sanitaria)/¿Por qué se recopilan los datos de los usuarios? Selecciona todas las opciones que correspondan./Publicidad o marketing
PSL_DATA_USAGE_RESPONSES:PSL_HEALTH:DATA_USAGE_COLLECTION_PURPOSE,PSL_PERSONALIZATION,,MULTIPLE_CHOICE,Uso y manejo de datos (Información sanitaria)/¿Por qué se recopilan los datos de los usuarios? Selecciona todas las opciones que correspondan./Personalización
PSL_DATA_USAGE_RESPONSES:PSL_HEALTH:DATA_USAGE_COLLECTION_PURPOSE,PSL_ACCOUNT_MANAGEMENT,,MULTIPLE_CHOICE,Uso y manejo de datos (Información sanitaria)/¿Por qué se recopilan los datos de los usuarios? Selecciona todas las opciones que correspondan./Administración de la cuenta
PSL_DATA_USAGE_RESPONSES:PSL_HEALTH:DATA_USAGE_SHARING_PURPOSE,PSL_APP_FUNCTIONALITY,,MULTIPLE_CHOICE,Uso y manejo de datos (Información sanitaria)/¿Para qué se usan y comparten los datos de los usuarios? Selecciona todas las opciones que correspondan./Funciones de la app
PSL_DATA_USAGE_RESPONSES:PSL_HEALTH:DATA_USAGE_SHARING_PURPOSE,PSL_ANALYTICS,,MULTIPLE_CHOICE,Uso y manejo de datos (Información sanitaria)/¿Para qué se usan y comparten los datos de los usuarios? Selecciona todas las opciones que correspondan./Estadísticas
PSL_DATA_USAGE_RESPONSES:PSL_HEALTH:DATA_USAGE_SHARING_PURPOSE,PSL_DEVELOPER_COMMUNICATIONS,,MULTIPLE_CHOICE,Uso y manejo de datos (Información sanitaria)/¿Para qué se usan y comparten los datos de los usuarios? Selecciona todas las opciones que correspondan./Comunicaciones del desarrollador
PSL_DATA_USAGE_RESPONSES:PSL_HEALTH:DATA_USAGE_SHARING_PURPOSE,PSL_FRAUD_PREVENTION_SECURITY,,MULTIPLE_CHOICE,"Uso y manejo de datos (Información sanitaria)/¿Para qué se usan y comparten los datos de los usuarios? Selecciona todas las opciones que correspondan./Seguridad, cumplimiento y prevención de fraudes"
PSL_DATA_USAGE_RESPONSES:PSL_HEALTH:DATA_USAGE_SHARING_PURPOSE,PSL_ADVERTISING,,MULTIPLE_CHOICE,Uso y manejo de datos (Información sanitaria)/¿Para qué se usan y comparten los datos de los usuarios? Selecciona todas las opciones que correspondan./Publicidad o marketing
PSL_DATA_USAGE_RESPONSES:PSL_HEALTH:DATA_USAGE_SHARING_PURPOSE,PSL_PERSONALIZATION,,MULTIPLE_CHOICE,Uso y manejo de datos (Información sanitaria)/¿Para qué se usan y comparten los datos de los usuarios? Selecciona todas las opciones que correspondan./Personalización
PSL_DATA_USAGE_RESPONSES:PSL_HEALTH:DATA_USAGE_SHARING_PURPOSE,PSL_ACCOUNT_MANAGEMENT,,MULTIPLE_CHOICE,Uso y manejo de datos (Información sanitaria)/¿Para qué se usan y comparten los datos de los usuarios? Selecciona todas las opciones que correspondan./Administración de la cuenta
PSL_DATA_USAGE_RESPONSES:PSL_FITNESS:PSL_DATA_USAGE_COLLECTION_AND_SHARING,PSL_DATA_USAGE_ONLY_COLLECTED,,MULTIPLE_CHOICE,"Uso y manejo de datos (Información de estado físico)/¿Estos datos se recopilan, se comparten o ambas?/Recopilados"
PSL_DATA_USAGE_RESPONSES:PSL_FITNESS:PSL_DATA_USAGE_COLLECTION_AND_SHARING,PSL_DATA_USAGE_ONLY_SHARED,,MULTIPLE_CHOICE,"Uso y manejo de datos (Información de estado físico)/¿Estos datos se recopilan, se comparten o ambas?/Compartidos"
PSL_DATA_USAGE_RESPONSES:PSL_FITNESS:PSL_DATA_USAGE_EPHEMERAL,,,MAYBE_REQUIRED,Uso y manejo de datos (Información de estado físico)/¿Estos datos se procesan de forma efímera?
PSL_DATA_USAGE_RESPONSES:PSL_FITNESS:DATA_USAGE_USER_CONTROL,PSL_DATA_USAGE_USER_CONTROL_OPTIONAL,,SINGLE_CHOICE,Uso y manejo de datos (Información de estado físico)/¿Estos datos son necesarios para tu app o los usuarios pueden decidir si se recopilan o no?/Los usuarios pueden decidir si los datos se recopilan o no
PSL_DATA_USAGE_RESPONSES:PSL_FITNESS:DATA_USAGE_USER_CONTROL,PSL_DATA_USAGE_USER_CONTROL_REQUIRED,,SINGLE_CHOICE,Uso y manejo de datos (Información de estado físico)/¿Estos datos son necesarios para tu app o los usuarios pueden decidir si se recopilan o no?/La recopilación de datos es necesaria (los usuarios no pueden desactivar esta opción)
PSL_DATA_USAGE_RESPONSES:PSL_FITNESS:DATA_USAGE_COLLECTION_PURPOSE,PSL_APP_FUNCTIONALITY,,MULTIPLE_CHOICE,Uso y manejo de datos (Información de estado físico)/¿Por qué se recopilan los datos de los usuarios? Selecciona todas las opciones que correspondan./Funciones de la app
PSL_DATA_USAGE_RESPONSES:PSL_FITNESS:DATA_USAGE_COLLECTION_PURPOSE,PSL_ANALYTICS,,MULTIPLE_CHOICE,Uso y manejo de datos (Información de estado físico)/¿Por qué se recopilan los datos de los usuarios? Selecciona todas las opciones que correspondan./Estadísticas
PSL_DATA_USAGE_RESPONSES:PSL_FITNESS:DATA_USAGE_COLLECTION_PURPOSE,PSL_DEVELOPER_COMMUNICATIONS,,MULTIPLE_CHOICE,Uso y manejo de datos (Información de estado físico)/¿Por qué se recopilan los datos de los usuarios? Selecciona todas las opciones que correspondan./Comunicaciones del desarrollador
PSL_DATA_USAGE_RESPONSES:PSL_FITNESS:DATA_USAGE_COLLECTION_PURPOSE,PSL_FRAUD_PREVENTION_SECURITY,,MULTIPLE_CHOICE,"Uso y manejo de datos (Información de estado físico)/¿Por qué se recopilan los datos de los usuarios? Selecciona todas las opciones que correspondan./Seguridad, cumplimiento y prevención de fraudes"
PSL_DATA_USAGE_RESPONSES:PSL_FITNESS:DATA_USAGE_COLLECTION_PURPOSE,PSL_ADVERTISING,,MULTIPLE_CHOICE,Uso y manejo de datos (Información de estado físico)/¿Por qué se recopilan los datos de los usuarios? Selecciona todas las opciones que correspondan./Publicidad o marketing
PSL_DATA_USAGE_RESPONSES:PSL_FITNESS:DATA_USAGE_COLLECTION_PURPOSE,PSL_PERSONALIZATION,,MULTIPLE_CHOICE,Uso y manejo de datos (Información de estado físico)/¿Por qué se recopilan los datos de los usuarios? Selecciona todas las opciones que correspondan./Personalización
PSL_DATA_USAGE_RESPONSES:PSL_FITNESS:DATA_USAGE_COLLECTION_PURPOSE,PSL_ACCOUNT_MANAGEMENT,,MULTIPLE_CHOICE,Uso y manejo de datos (Información de estado físico)/¿Por qué se recopilan los datos de los usuarios? Selecciona todas las opciones que correspondan./Administración de la cuenta
PSL_DATA_USAGE_RESPONSES:PSL_FITNESS:DATA_USAGE_SHARING_PURPOSE,PSL_APP_FUNCTIONALITY,,MULTIPLE_CHOICE,Uso y manejo de datos (Información de estado físico)/¿Para qué se usan y comparten los datos de los usuarios? Selecciona todas las opciones que correspondan./Funciones de la app
PSL_DATA_USAGE_RESPONSES:PSL_FITNESS:DATA_USAGE_SHARING_PURPOSE,PSL_ANALYTICS,,MULTIPLE_CHOICE,Uso y manejo de datos (Información de estado físico)/¿Para qué se usan y comparten los datos de los usuarios? Selecciona todas las opciones que correspondan./Estadísticas
PSL_DATA_USAGE_RESPONSES:PSL_FITNESS:DATA_USAGE_SHARING_PURPOSE,PSL_DEVELOPER_COMMUNICATIONS,,MULTIPLE_CHOICE,Uso y manejo de datos (Información de estado físico)/¿Para qué se usan y comparten los datos de los usuarios? Selecciona todas las opciones que correspondan./Comunicaciones del desarrollador
PSL_DATA_USAGE_RESPONSES:PSL_FITNESS:DATA_USAGE_SHARING_PURPOSE,PSL_FRAUD_PREVENTION_SECURITY,,MULTIPLE_CHOICE,"Uso y manejo de datos (Información de estado físico)/¿Para qué se usan y comparten los datos de los usuarios? Selecciona todas las opciones que correspondan./Seguridad, cumplimiento y prevención de fraudes"
PSL_DATA_USAGE_RESPONSES:PSL_FITNESS:DATA_USAGE_SHARING_PURPOSE,PSL_ADVERTISING,,MULTIPLE_CHOICE,Uso y manejo de datos (Información de estado físico)/¿Para qué se usan y comparten los datos de los usuarios? Selecciona todas las opciones que correspondan./Publicidad o marketing
PSL_DATA_USAGE_RESPONSES:PSL_FITNESS:DATA_USAGE_SHARING_PURPOSE,PSL_PERSONALIZATION,,MULTIPLE_CHOICE,Uso y manejo de datos (Información de estado físico)/¿Para qué se usan y comparten los datos de los usuarios? Selecciona todas las opciones que correspondan./Personalización
PSL_DATA_USAGE_RESPONSES:PSL_FITNESS:DATA_USAGE_SHARING_PURPOSE,PSL_ACCOUNT_MANAGEMENT,,MULTIPLE_CHOICE,Uso y manejo de datos (Información de estado físico)/¿Para qué se usan y comparten los datos de los usuarios? Selecciona todas las opciones que correspondan./Administración de la cuenta
PSL_DATA_USAGE_RESPONSES:PSL_CONTACTS:PSL_DATA_USAGE_COLLECTION_AND_SHARING,PSL_DATA_USAGE_ONLY_COLLECTED,,MULTIPLE_CHOICE,"Uso y manejo de datos (Contactos)/¿Estos datos se recopilan, se comparten o ambas?/Recopilados"
PSL_DATA_USAGE_RESPONSES:PSL_CONTACTS:PSL_DATA_USAGE_COLLECTION_AND_SHARING,PSL_DATA_USAGE_ONLY_SHARED,,MULTIPLE_CHOICE,"Uso y manejo de datos (Contactos)/¿Estos datos se recopilan, se comparten o ambas?/Compartidos"
PSL_DATA_USAGE_RESPONSES:PSL_CONTACTS:PSL_DATA_USAGE_EPHEMERAL,,,MAYBE_REQUIRED,Uso y manejo de datos (Contactos)/¿Estos datos se procesan de forma efímera?
PSL_DATA_USAGE_RESPONSES:PSL_CONTACTS:DATA_USAGE_USER_CONTROL,PSL_DATA_USAGE_USER_CONTROL_OPTIONAL,,SINGLE_CHOICE,Uso y manejo de datos (Contactos)/¿Estos datos son necesarios para tu app o los usuarios pueden decidir si se recopilan o no?/Los usuarios pueden decidir si los datos se recopilan o no
PSL_DATA_USAGE_RESPONSES:PSL_CONTACTS:DATA_USAGE_USER_CONTROL,PSL_DATA_USAGE_USER_CONTROL_REQUIRED,,SINGLE_CHOICE,Uso y manejo de datos (Contactos)/¿Estos datos son necesarios para tu app o los usuarios pueden decidir si se recopilan o no?/La recopilación de datos es necesaria (los usuarios no pueden desactivar esta opción)
PSL_DATA_USAGE_RESPONSES:PSL_CONTACTS:DATA_USAGE_COLLECTION_PURPOSE,PSL_APP_FUNCTIONALITY,,MULTIPLE_CHOICE,Uso y manejo de datos (Contactos)/¿Por qué se recopilan los datos de los usuarios? Selecciona todas las opciones que correspondan./Funciones de la app
PSL_DATA_USAGE_RESPONSES:PSL_CONTACTS:DATA_USAGE_COLLECTION_PURPOSE,PSL_ANALYTICS,,MULTIPLE_CHOICE,Uso y manejo de datos (Contactos)/¿Por qué se recopilan los datos de los usuarios? Selecciona todas las opciones que correspondan./Estadísticas
PSL_DATA_USAGE_RESPONSES:PSL_CONTACTS:DATA_USAGE_COLLECTION_PURPOSE,PSL_DEVELOPER_COMMUNICATIONS,,MULTIPLE_CHOICE,Uso y manejo de datos (Contactos)/¿Por qué se recopilan los datos de los usuarios? Selecciona todas las opciones que correspondan./Comunicaciones del desarrollador
PSL_DATA_USAGE_RESPONSES:PSL_CONTACTS:DATA_USAGE_COLLECTION_PURPOSE,PSL_FRAUD_PREVENTION_SECURITY,,MULTIPLE_CHOICE,"Uso y manejo de datos (Contactos)/¿Por qué se recopilan los datos de los usuarios? Selecciona todas las opciones que correspondan./Seguridad, cumplimiento y prevención de fraudes"
PSL_DATA_USAGE_RESPONSES:PSL_CONTACTS:DATA_USAGE_COLLECTION_PURPOSE,PSL_ADVERTISING,,MULTIPLE_CHOICE,Uso y manejo de datos (Contactos)/¿Por qué se recopilan los datos de los usuarios? Selecciona todas las opciones que correspondan./Publicidad o marketing
PSL_DATA_USAGE_RESPONSES:PSL_CONTACTS:DATA_USAGE_COLLECTION_PURPOSE,PSL_PERSONALIZATION,,MULTIPLE_CHOICE,Uso y manejo de datos (Contactos)/¿Por qué se recopilan los datos de los usuarios? Selecciona todas las opciones que correspondan./Personalización
PSL_DATA_USAGE_RESPONSES:PSL_CONTACTS:DATA_USAGE_COLLECTION_PURPOSE,PSL_ACCOUNT_MANAGEMENT,,MULTIPLE_CHOICE,Uso y manejo de datos (Contactos)/¿Por qué se recopilan los datos de los usuarios? Selecciona todas las opciones que correspondan./Administración de la cuenta
PSL_DATA_USAGE_RESPONSES:PSL_CONTACTS:DATA_USAGE_SHARING_PURPOSE,PSL_APP_FUNCTIONALITY,,MULTIPLE_CHOICE,Uso y manejo de datos (Contactos)/¿Para qué se usan y comparten los datos de los usuarios? Selecciona todas las opciones que correspondan./Funciones de la app
PSL_DATA_USAGE_RESPONSES:PSL_CONTACTS:DATA_USAGE_SHARING_PURPOSE,PSL_ANALYTICS,,MULTIPLE_CHOICE,Uso y manejo de datos (Contactos)/¿Para qué se usan y comparten los datos de los usuarios? Selecciona todas las opciones que correspondan./Estadísticas
PSL_DATA_USAGE_RESPONSES:PSL_CONTACTS:DATA_USAGE_SHARING_PURPOSE,PSL_DEVELOPER_COMMUNICATIONS,,MULTIPLE_CHOICE,Uso y manejo de datos (Contactos)/¿Para qué se usan y comparten los datos de los usuarios? Selecciona todas las opciones que correspondan./Comunicaciones del desarrollador
PSL_DATA_USAGE_RESPONSES:PSL_CONTACTS:DATA_USAGE_SHARING_PURPOSE,PSL_FRAUD_PREVENTION_SECURITY,,MULTIPLE_CHOICE,"Uso y manejo de datos (Contactos)/¿Para qué se usan y comparten los datos de los usuarios? Selecciona todas las opciones que correspondan./Seguridad, cumplimiento y prevención de fraudes"
PSL_DATA_USAGE_RESPONSES:PSL_CONTACTS:DATA_USAGE_SHARING_PURPOSE,PSL_ADVERTISING,,MULTIPLE_CHOICE,Uso y manejo de datos (Contactos)/¿Para qué se usan y comparten los datos de los usuarios? Selecciona todas las opciones que correspondan./Publicidad o marketing
PSL_DATA_USAGE_RESPONSES:PSL_CONTACTS:DATA_USAGE_SHARING_PURPOSE,PSL_PERSONALIZATION,,MULTIPLE_CHOICE,Uso y manejo de datos (Contactos)/¿Para qué se usan y comparten los datos de los usuarios? Selecciona todas las opciones que correspondan./Personalización
PSL_DATA_USAGE_RESPONSES:PSL_CONTACTS:DATA_USAGE_SHARING_PURPOSE,PSL_ACCOUNT_MANAGEMENT,,MULTIPLE_CHOICE,Uso y manejo de datos (Contactos)/¿Para qué se usan y comparten los datos de los usuarios? Selecciona todas las opciones que correspondan./Administración de la cuenta
PSL_DATA_USAGE_RESPONSES:PSL_CALENDAR:PSL_DATA_USAGE_COLLECTION_AND_SHARING,PSL_DATA_USAGE_ONLY_COLLECTED,,MULTIPLE_CHOICE,"Uso y manejo de datos (Eventos del calendario)/¿Estos datos se recopilan, se comparten o ambas?/Recopilados"
PSL_DATA_USAGE_RESPONSES:PSL_CALENDAR:PSL_DATA_USAGE_COLLECTION_AND_SHARING,PSL_DATA_USAGE_ONLY_SHARED,,MULTIPLE_CHOICE,"Uso y manejo de datos (Eventos del calendario)/¿Estos datos se recopilan, se comparten o ambas?/Compartidos"
PSL_DATA_USAGE_RESPONSES:PSL_CALENDAR:PSL_DATA_USAGE_EPHEMERAL,,,MAYBE_REQUIRED,Uso y manejo de datos (Eventos del calendario)/¿Estos datos se procesan de forma efímera?
PSL_DATA_USAGE_RESPONSES:PSL_CALENDAR:DATA_USAGE_USER_CONTROL,PSL_DATA_USAGE_USER_CONTROL_OPTIONAL,,SINGLE_CHOICE,Uso y manejo de datos (Eventos del calendario)/¿Estos datos son necesarios para tu app o los usuarios pueden decidir si se recopilan o no?/Los usuarios pueden decidir si los datos se recopilan o no
PSL_DATA_USAGE_RESPONSES:PSL_CALENDAR:DATA_USAGE_USER_CONTROL,PSL_DATA_USAGE_USER_CONTROL_REQUIRED,,SINGLE_CHOICE,Uso y manejo de datos (Eventos del calendario)/¿Estos datos son necesarios para tu app o los usuarios pueden decidir si se recopilan o no?/La recopilación de datos es necesaria (los usuarios no pueden desactivar esta opción)
PSL_DATA_USAGE_RESPONSES:PSL_CALENDAR:DATA_USAGE_COLLECTION_PURPOSE,PSL_APP_FUNCTIONALITY,,MULTIPLE_CHOICE,Uso y manejo de datos (Eventos del calendario)/¿Por qué se recopilan los datos de los usuarios? Selecciona todas las opciones que correspondan./Funciones de la app
PSL_DATA_USAGE_RESPONSES:PSL_CALENDAR:DATA_USAGE_COLLECTION_PURPOSE,PSL_ANALYTICS,,MULTIPLE_CHOICE,Uso y manejo de datos (Eventos del calendario)/¿Por qué se recopilan los datos de los usuarios? Selecciona todas las opciones que correspondan./Estadísticas
PSL_DATA_USAGE_RESPONSES:PSL_CALENDAR:DATA_USAGE_COLLECTION_PURPOSE,PSL_DEVELOPER_COMMUNICATIONS,,MULTIPLE_CHOICE,Uso y manejo de datos (Eventos del calendario)/¿Por qué se recopilan los datos de los usuarios? Selecciona todas las opciones que correspondan./Comunicaciones del desarrollador
PSL_DATA_USAGE_RESPONSES:PSL_CALENDAR:DATA_USAGE_COLLECTION_PURPOSE,PSL_FRAUD_PREVENTION_SECURITY,,MULTIPLE_CHOICE,"Uso y manejo de datos (Eventos del calendario)/¿Por qué se recopilan los datos de los usuarios? Selecciona todas las opciones que correspondan./Seguridad, cumplimiento y prevención de fraudes"
PSL_DATA_USAGE_RESPONSES:PSL_CALENDAR:DATA_USAGE_COLLECTION_PURPOSE,PSL_ADVERTISING,,MULTIPLE_CHOICE,Uso y manejo de datos (Eventos del calendario)/¿Por qué se recopilan los datos de los usuarios? Selecciona todas las opciones que correspondan./Publicidad o marketing
PSL_DATA_USAGE_RESPONSES:PSL_CALENDAR:DATA_USAGE_COLLECTION_PURPOSE,PSL_PERSONALIZATION,,MULTIPLE_CHOICE,Uso y manejo de datos (Eventos del calendario)/¿Por qué se recopilan los datos de los usuarios? Selecciona todas las opciones que correspondan./Personalización
PSL_DATA_USAGE_RESPONSES:PSL_CALENDAR:DATA_USAGE_COLLECTION_PURPOSE,PSL_ACCOUNT_MANAGEMENT,,MULTIPLE_CHOICE,Uso y manejo de datos (Eventos del calendario)/¿Por qué se recopilan los datos de los usuarios? Selecciona todas las opciones que correspondan./Administración de la cuenta
PSL_DATA_USAGE_RESPONSES:PSL_CALENDAR:DATA_USAGE_SHARING_PURPOSE,PSL_APP_FUNCTIONALITY,,MULTIPLE_CHOICE,Uso y manejo de datos (Eventos del calendario)/¿Para qué se usan y comparten los datos de los usuarios? Selecciona todas las opciones que correspondan./Funciones de la app
PSL_DATA_USAGE_RESPONSES:PSL_CALENDAR:DATA_USAGE_SHARING_PURPOSE,PSL_ANALYTICS,,MULTIPLE_CHOICE,Uso y manejo de datos (Eventos del calendario)/¿Para qué se usan y comparten los datos de los usuarios? Selecciona todas las opciones que correspondan./Estadísticas
PSL_DATA_USAGE_RESPONSES:PSL_CALENDAR:DATA_USAGE_SHARING_PURPOSE,PSL_DEVELOPER_COMMUNICATIONS,,MULTIPLE_CHOICE,Uso y manejo de datos (Eventos del calendario)/¿Para qué se usan y comparten los datos de los usuarios? Selecciona todas las opciones que correspondan./Comunicaciones del desarrollador
PSL_DATA_USAGE_RESPONSES:PSL_CALENDAR:DATA_USAGE_SHARING_PURPOSE,PSL_FRAUD_PREVENTION_SECURITY,,MULTIPLE_CHOICE,"Uso y manejo de datos (Eventos del calendario)/¿Para qué se usan y comparten los datos de los usuarios? Selecciona todas las opciones que correspondan./Seguridad, cumplimiento y prevención de fraudes"
PSL_DATA_USAGE_RESPONSES:PSL_CALENDAR:DATA_USAGE_SHARING_PURPOSE,PSL_ADVERTISING,,MULTIPLE_CHOICE,Uso y manejo de datos (Eventos del calendario)/¿Para qué se usan y comparten los datos de los usuarios? Selecciona todas las opciones que correspondan./Publicidad o marketing
PSL_DATA_USAGE_RESPONSES:PSL_CALENDAR:DATA_USAGE_SHARING_PURPOSE,PSL_PERSONALIZATION,,MULTIPLE_CHOICE,Uso y manejo de datos (Eventos del calendario)/¿Para qué se usan y comparten los datos de los usuarios? Selecciona todas las opciones que correspondan./Personalización
PSL_DATA_USAGE_RESPONSES:PSL_CALENDAR:DATA_USAGE_SHARING_PURPOSE,PSL_ACCOUNT_MANAGEMENT,,MULTIPLE_CHOICE,Uso y manejo de datos (Eventos del calendario)/¿Para qué se usan y comparten los datos de los usuarios? Selecciona todas las opciones que correspondan./Administración de la cuenta
PSL_DATA_USAGE_RESPONSES:PSL_CRASH_LOGS:PSL_DATA_USAGE_COLLECTION_AND_SHARING,PSL_DATA_USAGE_ONLY_COLLECTED,,MULTIPLE_CHOICE,"Uso y manejo de datos (Registros de fallas)/¿Estos datos se recopilan, se comparten o ambas?/Recopilados"
PSL_DATA_USAGE_RESPONSES:PSL_CRASH_LOGS:PSL_DATA_USAGE_COLLECTION_AND_SHARING,PSL_DATA_USAGE_ONLY_SHARED,,MULTIPLE_CHOICE,"Uso y manejo de datos (Registros de fallas)/¿Estos datos se recopilan, se comparten o ambas?/Compartidos"
PSL_DATA_USAGE_RESPONSES:PSL_CRASH_LOGS:PSL_DATA_USAGE_EPHEMERAL,,,MAYBE_REQUIRED,Uso y manejo de datos (Registros de fallas)/¿Estos datos se procesan de forma efímera?
PSL_DATA_USAGE_RESPONSES:PSL_CRASH_LOGS:DATA_USAGE_USER_CONTROL,PSL_DATA_USAGE_USER_CONTROL_OPTIONAL,,SINGLE_CHOICE,Uso y manejo de datos (Registros de fallas)/¿Estos datos son necesarios para tu app o los usuarios pueden decidir si se recopilan o no?/Los usuarios pueden decidir si los datos se recopilan o no
PSL_DATA_USAGE_RESPONSES:PSL_CRASH_LOGS:DATA_USAGE_USER_CONTROL,PSL_DATA_USAGE_USER_CONTROL_REQUIRED,,SINGLE_CHOICE,Uso y manejo de datos (Registros de fallas)/¿Estos datos son necesarios para tu app o los usuarios pueden decidir si se recopilan o no?/La recopilación de datos es necesaria (los usuarios no pueden desactivar esta opción)
PSL_DATA_USAGE_RESPONSES:PSL_CRASH_LOGS:DATA_USAGE_COLLECTION_PURPOSE,PSL_APP_FUNCTIONALITY,,MULTIPLE_CHOICE,Uso y manejo de datos (Registros de fallas)/¿Por qué se recopilan los datos de los usuarios? Selecciona todas las opciones que correspondan./Funciones de la app
PSL_DATA_USAGE_RESPONSES:PSL_CRASH_LOGS:DATA_USAGE_COLLECTION_PURPOSE,PSL_ANALYTICS,,MULTIPLE_CHOICE,Uso y manejo de datos (Registros de fallas)/¿Por qué se recopilan los datos de los usuarios? Selecciona todas las opciones que correspondan./Estadísticas
PSL_DATA_USAGE_RESPONSES:PSL_CRASH_LOGS:DATA_USAGE_COLLECTION_PURPOSE,PSL_DEVELOPER_COMMUNICATIONS,,MULTIPLE_CHOICE,Uso y manejo de datos (Registros de fallas)/¿Por qué se recopilan los datos de los usuarios? Selecciona todas las opciones que correspondan./Comunicaciones del desarrollador
PSL_DATA_USAGE_RESPONSES:PSL_CRASH_LOGS:DATA_USAGE_COLLECTION_PURPOSE,PSL_FRAUD_PREVENTION_SECURITY,,MULTIPLE_CHOICE,"Uso y manejo de datos (Registros de fallas)/¿Por qué se recopilan los datos de los usuarios? Selecciona todas las opciones que correspondan./Seguridad, cumplimiento y prevención de fraudes"
PSL_DATA_USAGE_RESPONSES:PSL_CRASH_LOGS:DATA_USAGE_COLLECTION_PURPOSE,PSL_ADVERTISING,,MULTIPLE_CHOICE,Uso y manejo de datos (Registros de fallas)/¿Por qué se recopilan los datos de los usuarios? Selecciona todas las opciones que correspondan./Publicidad o marketing
PSL_DATA_USAGE_RESPONSES:PSL_CRASH_LOGS:DATA_USAGE_COLLECTION_PURPOSE,PSL_PERSONALIZATION,,MULTIPLE_CHOICE,Uso y manejo de datos (Registros de fallas)/¿Por qué se recopilan los datos de los usuarios? Selecciona todas las opciones que correspondan./Personalización
PSL_DATA_USAGE_RESPONSES:PSL_CRASH_LOGS:DATA_USAGE_COLLECTION_PURPOSE,PSL_ACCOUNT_MANAGEMENT,,MULTIPLE_CHOICE,Uso y manejo de datos (Registros de fallas)/¿Por qué se recopilan los datos de los usuarios? Selecciona todas las opciones que correspondan./Administración de la cuenta
PSL_DATA_USAGE_RESPONSES:PSL_CRASH_LOGS:DATA_USAGE_SHARING_PURPOSE,PSL_APP_FUNCTIONALITY,,MULTIPLE_CHOICE,Uso y manejo de datos (Registros de fallas)/¿Para qué se usan y comparten los datos de los usuarios? Selecciona todas las opciones que correspondan./Funciones de la app
PSL_DATA_USAGE_RESPONSES:PSL_CRASH_LOGS:DATA_USAGE_SHARING_PURPOSE,PSL_ANALYTICS,,MULTIPLE_CHOICE,Uso y manejo de datos (Registros de fallas)/¿Para qué se usan y comparten los datos de los usuarios? Selecciona todas las opciones que correspondan./Estadísticas
PSL_DATA_USAGE_RESPONSES:PSL_CRASH_LOGS:DATA_USAGE_SHARING_PURPOSE,PSL_DEVELOPER_COMMUNICATIONS,,MULTIPLE_CHOICE,Uso y manejo de datos (Registros de fallas)/¿Para qué se usan y comparten los datos de los usuarios? Selecciona todas las opciones que correspondan./Comunicaciones del desarrollador
PSL_DATA_USAGE_RESPONSES:PSL_CRASH_LOGS:DATA_USAGE_SHARING_PURPOSE,PSL_FRAUD_PREVENTION_SECURITY,,MULTIPLE_CHOICE,"Uso y manejo de datos (Registros de fallas)/¿Para qué se usan y comparten los datos de los usuarios? Selecciona todas las opciones que correspondan./Seguridad, cumplimiento y prevención de fraudes"
PSL_DATA_USAGE_RESPONSES:PSL_CRASH_LOGS:DATA_USAGE_SHARING_PURPOSE,PSL_ADVERTISING,,MULTIPLE_CHOICE,Uso y manejo de datos (Registros de fallas)/¿Para qué se usan y comparten los datos de los usuarios? Selecciona todas las opciones que correspondan./Publicidad o marketing
PSL_DATA_USAGE_RESPONSES:PSL_CRASH_LOGS:DATA_USAGE_SHARING_PURPOSE,PSL_PERSONALIZATION,,MULTIPLE_CHOICE,Uso y manejo de datos (Registros de fallas)/¿Para qué se usan y comparten los datos de los usuarios? Selecciona todas las opciones que correspondan./Personalización
PSL_DATA_USAGE_RESPONSES:PSL_CRASH_LOGS:DATA_USAGE_SHARING_PURPOSE,PSL_ACCOUNT_MANAGEMENT,,MULTIPLE_CHOICE,Uso y manejo de datos (Registros de fallas)/¿Para qué se usan y comparten los datos de los usuarios? Selecciona todas las opciones que correspondan./Administración de la cuenta
PSL_DATA_USAGE_RESPONSES:PSL_PERFORMANCE_DIAGNOSTICS:PSL_DATA_USAGE_COLLECTION_AND_SHARING,PSL_DATA_USAGE_ONLY_COLLECTED,,MULTIPLE_CHOICE,"Uso y manejo de datos (Diagnóstico)/¿Estos datos se recopilan, se comparten o ambas?/Recopilados"
PSL_DATA_USAGE_RESPONSES:PSL_PERFORMANCE_DIAGNOSTICS:PSL_DATA_USAGE_COLLECTION_AND_SHARING,PSL_DATA_USAGE_ONLY_SHARED,,MULTIPLE_CHOICE,"Uso y manejo de datos (Diagnóstico)/¿Estos datos se recopilan, se comparten o ambas?/Compartidos"
PSL_DATA_USAGE_RESPONSES:PSL_PERFORMANCE_DIAGNOSTICS:PSL_DATA_USAGE_EPHEMERAL,,,MAYBE_REQUIRED,Uso y manejo de datos (Diagnóstico)/¿Estos datos se procesan de forma efímera?
PSL_DATA_USAGE_RESPONSES:PSL_PERFORMANCE_DIAGNOSTICS:DATA_USAGE_USER_CONTROL,PSL_DATA_USAGE_USER_CONTROL_OPTIONAL,,SINGLE_CHOICE,Uso y manejo de datos (Diagnóstico)/¿Estos datos son necesarios para tu app o los usuarios pueden decidir si se recopilan o no?/Los usuarios pueden decidir si los datos se recopilan o no
PSL_DATA_USAGE_RESPONSES:PSL_PERFORMANCE_DIAGNOSTICS:DATA_USAGE_USER_CONTROL,PSL_DATA_USAGE_USER_CONTROL_REQUIRED,,SINGLE_CHOICE,Uso y manejo de datos (Diagnóstico)/¿Estos datos son necesarios para tu app o los usuarios pueden decidir si se recopilan o no?/La recopilación de datos es necesaria (los usuarios no pueden desactivar esta opción)
PSL_DATA_USAGE_RESPONSES:PSL_PERFORMANCE_DIAGNOSTICS:DATA_USAGE_COLLECTION_PURPOSE,PSL_APP_FUNCTIONALITY,,MULTIPLE_CHOICE,Uso y manejo de datos (Diagnóstico)/¿Por qué se recopilan los datos de los usuarios? Selecciona todas las opciones que correspondan./Funciones de la app
PSL_DATA_USAGE_RESPONSES:PSL_PERFORMANCE_DIAGNOSTICS:DATA_USAGE_COLLECTION_PURPOSE,PSL_ANALYTICS,,MULTIPLE_CHOICE,Uso y manejo de datos (Diagnóstico)/¿Por qué se recopilan los datos de los usuarios? Selecciona todas las opciones que correspondan./Estadísticas
PSL_DATA_USAGE_RESPONSES:PSL_PERFORMANCE_DIAGNOSTICS:DATA_USAGE_COLLECTION_PURPOSE,PSL_DEVELOPER_COMMUNICATIONS,,MULTIPLE_CHOICE,Uso y manejo de datos (Diagnóstico)/¿Por qué se recopilan los datos de los usuarios? Selecciona todas las opciones que correspondan./Comunicaciones del desarrollador
PSL_DATA_USAGE_RESPONSES:PSL_PERFORMANCE_DIAGNOSTICS:DATA_USAGE_COLLECTION_PURPOSE,PSL_FRAUD_PREVENTION_SECURITY,,MULTIPLE_CHOICE,"Uso y manejo de datos (Diagnóstico)/¿Por qué se recopilan los datos de los usuarios? Selecciona todas las opciones que correspondan./Seguridad, cumplimiento y prevención de fraudes"
PSL_DATA_USAGE_RESPONSES:PSL_PERFORMANCE_DIAGNOSTICS:DATA_USAGE_COLLECTION_PURPOSE,PSL_ADVERTISING,,MULTIPLE_CHOICE,Uso y manejo de datos (Diagnóstico)/¿Por qué se recopilan los datos de los usuarios? Selecciona todas las opciones que correspondan./Publicidad o marketing
PSL_DATA_USAGE_RESPONSES:PSL_PERFORMANCE_DIAGNOSTICS:DATA_USAGE_COLLECTION_PURPOSE,PSL_PERSONALIZATION,,MULTIPLE_CHOICE,Uso y manejo de datos (Diagnóstico)/¿Por qué se recopilan los datos de los usuarios? Selecciona todas las opciones que correspondan./Personalización
PSL_DATA_USAGE_RESPONSES:PSL_PERFORMANCE_DIAGNOSTICS:DATA_USAGE_COLLECTION_PURPOSE,PSL_ACCOUNT_MANAGEMENT,,MULTIPLE_CHOICE,Uso y manejo de datos (Diagnóstico)/¿Por qué se recopilan los datos de los usuarios? Selecciona todas las opciones que correspondan./Administración de la cuenta
PSL_DATA_USAGE_RESPONSES:PSL_PERFORMANCE_DIAGNOSTICS:DATA_USAGE_SHARING_PURPOSE,PSL_APP_FUNCTIONALITY,,MULTIPLE_CHOICE,Uso y manejo de datos (Diagnóstico)/¿Para qué se usan y comparten los datos de los usuarios? Selecciona todas las opciones que correspondan./Funciones de la app
PSL_DATA_USAGE_RESPONSES:PSL_PERFORMANCE_DIAGNOSTICS:DATA_USAGE_SHARING_PURPOSE,PSL_ANALYTICS,,MULTIPLE_CHOICE,Uso y manejo de datos (Diagnóstico)/¿Para qué se usan y comparten los datos de los usuarios? Selecciona todas las opciones que correspondan./Estadísticas
PSL_DATA_USAGE_RESPONSES:PSL_PERFORMANCE_DIAGNOSTICS:DATA_USAGE_SHARING_PURPOSE,PSL_DEVELOPER_COMMUNICATIONS,,MULTIPLE_CHOICE,Uso y manejo de datos (Diagnóstico)/¿Para qué se usan y comparten los datos de los usuarios? Selecciona todas las opciones que correspondan./Comunicaciones del desarrollador
PSL_DATA_USAGE_RESPONSES:PSL_PERFORMANCE_DIAGNOSTICS:DATA_USAGE_SHARING_PURPOSE,PSL_FRAUD_PREVENTION_SECURITY,,MULTIPLE_CHOICE,"Uso y manejo de datos (Diagnóstico)/¿Para qué se usan y comparten los datos de los usuarios? Selecciona todas las opciones que correspondan./Seguridad, cumplimiento y prevención de fraudes"
PSL_DATA_USAGE_RESPONSES:PSL_PERFORMANCE_DIAGNOSTICS:DATA_USAGE_SHARING_PURPOSE,PSL_ADVERTISING,,MULTIPLE_CHOICE,Uso y manejo de datos (Diagnóstico)/¿Para qué se usan y comparten los datos de los usuarios? Selecciona todas las opciones que correspondan./Publicidad o marketing
PSL_DATA_USAGE_RESPONSES:PSL_PERFORMANCE_DIAGNOSTICS:DATA_USAGE_SHARING_PURPOSE,PSL_PERSONALIZATION,,MULTIPLE_CHOICE,Uso y manejo de datos (Diagnóstico)/¿Para qué se usan y comparten los datos de los usuarios? Selecciona todas las opciones que correspondan./Personalización
PSL_DATA_USAGE_RESPONSES:PSL_PERFORMANCE_DIAGNOSTICS:DATA_USAGE_SHARING_PURPOSE,PSL_ACCOUNT_MANAGEMENT,,MULTIPLE_CHOICE,Uso y manejo de datos (Diagnóstico)/¿Para qué se usan y comparten los datos de los usuarios? Selecciona todas las opciones que correspondan./Administración de la cuenta
PSL_DATA_USAGE_RESPONSES:PSL_OTHER_PERFORMANCE:PSL_DATA_USAGE_COLLECTION_AND_SHARING,PSL_DATA_USAGE_ONLY_COLLECTED,,MULTIPLE_CHOICE,"Uso y manejo de datos (Otros datos de rendimiento de la app)/¿Estos datos se recopilan, se comparten o ambas?/Recopilados"
PSL_DATA_USAGE_RESPONSES:PSL_OTHER_PERFORMANCE:PSL_DATA_USAGE_COLLECTION_AND_SHARING,PSL_DATA_USAGE_ONLY_SHARED,,MULTIPLE_CHOICE,"Uso y manejo de datos (Otros datos de rendimiento de la app)/¿Estos datos se recopilan, se comparten o ambas?/Compartidos"
PSL_DATA_USAGE_RESPONSES:PSL_OTHER_PERFORMANCE:PSL_DATA_USAGE_EPHEMERAL,,,MAYBE_REQUIRED,Uso y manejo de datos (Otros datos de rendimiento de la app)/¿Estos datos se procesan de forma efímera?
PSL_DATA_USAGE_RESPONSES:PSL_OTHER_PERFORMANCE:DATA_USAGE_USER_CONTROL,PSL_DATA_USAGE_USER_CONTROL_OPTIONAL,,SINGLE_CHOICE,Uso y manejo de datos (Otros datos de rendimiento de la app)/¿Estos datos son necesarios para tu app o los usuarios pueden decidir si se recopilan o no?/Los usuarios pueden decidir si los datos se recopilan o no
PSL_DATA_USAGE_RESPONSES:PSL_OTHER_PERFORMANCE:DATA_USAGE_USER_CONTROL,PSL_DATA_USAGE_USER_CONTROL_REQUIRED,,SINGLE_CHOICE,Uso y manejo de datos (Otros datos de rendimiento de la app)/¿Estos datos son necesarios para tu app o los usuarios pueden decidir si se recopilan o no?/La recopilación de datos es necesaria (los usuarios no pueden desactivar esta opción)
PSL_DATA_USAGE_RESPONSES:PSL_OTHER_PERFORMANCE:DATA_USAGE_COLLECTION_PURPOSE,PSL_APP_FUNCTIONALITY,,MULTIPLE_CHOICE,Uso y manejo de datos (Otros datos de rendimiento de la app)/¿Por qué se recopilan los datos de los usuarios? Selecciona todas las opciones que correspondan./Funciones de la app
PSL_DATA_USAGE_RESPONSES:PSL_OTHER_PERFORMANCE:DATA_USAGE_COLLECTION_PURPOSE,PSL_ANALYTICS,,MULTIPLE_CHOICE,Uso y manejo de datos (Otros datos de rendimiento de la app)/¿Por qué se recopilan los datos de los usuarios? Selecciona todas las opciones que correspondan./Estadísticas
PSL_DATA_USAGE_RESPONSES:PSL_OTHER_PERFORMANCE:DATA_USAGE_COLLECTION_PURPOSE,PSL_DEVELOPER_COMMUNICATIONS,,MULTIPLE_CHOICE,Uso y manejo de datos (Otros datos de rendimiento de la app)/¿Por qué se recopilan los datos de los usuarios? Selecciona todas las opciones que correspondan./Comunicaciones del desarrollador
PSL_DATA_USAGE_RESPONSES:PSL_OTHER_PERFORMANCE:DATA_USAGE_COLLECTION_PURPOSE,PSL_FRAUD_PREVENTION_SECURITY,,MULTIPLE_CHOICE,"Uso y manejo de datos (Otros datos de rendimiento de la app)/¿Por qué se recopilan los datos de los usuarios? Selecciona todas las opciones que correspondan./Seguridad, cumplimiento y prevención de fraudes"
PSL_DATA_USAGE_RESPONSES:PSL_OTHER_PERFORMANCE:DATA_USAGE_COLLECTION_PURPOSE,PSL_ADVERTISING,,MULTIPLE_CHOICE,Uso y manejo de datos (Otros datos de rendimiento de la app)/¿Por qué se recopilan los datos de los usuarios? Selecciona todas las opciones que correspondan./Publicidad o marketing
PSL_DATA_USAGE_RESPONSES:PSL_OTHER_PERFORMANCE:DATA_USAGE_COLLECTION_PURPOSE,PSL_PERSONALIZATION,,MULTIPLE_CHOICE,Uso y manejo de datos (Otros datos de rendimiento de la app)/¿Por qué se recopilan los datos de los usuarios? Selecciona todas las opciones que correspondan./Personalización
PSL_DATA_USAGE_RESPONSES:PSL_OTHER_PERFORMANCE:DATA_USAGE_COLLECTION_PURPOSE,PSL_ACCOUNT_MANAGEMENT,,MULTIPLE_CHOICE,Uso y manejo de datos (Otros datos de rendimiento de la app)/¿Por qué se recopilan los datos de los usuarios? Selecciona todas las opciones que correspondan./Administración de la cuenta
PSL_DATA_USAGE_RESPONSES:PSL_OTHER_PERFORMANCE:DATA_USAGE_SHARING_PURPOSE,PSL_APP_FUNCTIONALITY,,MULTIPLE_CHOICE,Uso y manejo de datos (Otros datos de rendimiento de la app)/¿Para qué se usan y comparten los datos de los usuarios? Selecciona todas las opciones que correspondan./Funciones de la app
PSL_DATA_USAGE_RESPONSES:PSL_OTHER_PERFORMANCE:DATA_USAGE_SHARING_PURPOSE,PSL_ANALYTICS,,MULTIPLE_CHOICE,Uso y manejo de datos (Otros datos de rendimiento de la app)/¿Para qué se usan y comparten los datos de los usuarios? Selecciona todas las opciones que correspondan./Estadísticas
PSL_DATA_USAGE_RESPONSES:PSL_OTHER_PERFORMANCE:DATA_USAGE_SHARING_PURPOSE,PSL_DEVELOPER_COMMUNICATIONS,,MULTIPLE_CHOICE,Uso y manejo de datos (Otros datos de rendimiento de la app)/¿Para qué se usan y comparten los datos de los usuarios? Selecciona todas las opciones que correspondan./Comunicaciones del desarrollador
PSL_DATA_USAGE_RESPONSES:PSL_OTHER_PERFORMANCE:DATA_USAGE_SHARING_PURPOSE,PSL_FRAUD_PREVENTION_SECURITY,,MULTIPLE_CHOICE,"Uso y manejo de datos (Otros datos de rendimiento de la app)/¿Para qué se usan y comparten los datos de los usuarios? Selecciona todas las opciones que correspondan./Seguridad, cumplimiento y prevención de fraudes"
PSL_DATA_USAGE_RESPONSES:PSL_OTHER_PERFORMANCE:DATA_USAGE_SHARING_PURPOSE,PSL_ADVERTISING,,MULTIPLE_CHOICE,Uso y manejo de datos (Otros datos de rendimiento de la app)/¿Para qué se usan y comparten los datos de los usuarios? Selecciona todas las opciones que correspondan./Publicidad o marketing
PSL_DATA_USAGE_RESPONSES:PSL_OTHER_PERFORMANCE:DATA_USAGE_SHARING_PURPOSE,PSL_PERSONALIZATION,,MULTIPLE_CHOICE,Uso y manejo de datos (Otros datos de rendimiento de la app)/¿Para qué se usan y comparten los datos de los usuarios? Selecciona todas las opciones que correspondan./Personalización
PSL_DATA_USAGE_RESPONSES:PSL_OTHER_PERFORMANCE:DATA_USAGE_SHARING_PURPOSE,PSL_ACCOUNT_MANAGEMENT,,MULTIPLE_CHOICE,Uso y manejo de datos (Otros datos de rendimiento de la app)/¿Para qué se usan y comparten los datos de los usuarios? Selecciona todas las opciones que correspondan./Administración de la cuenta
PSL_DATA_USAGE_RESPONSES:PSL_FILES_AND_DOCS:PSL_DATA_USAGE_COLLECTION_AND_SHARING,PSL_DATA_USAGE_ONLY_COLLECTED,,MULTIPLE_CHOICE,"Uso y manejo de datos (Archivos y documentos)/¿Estos datos se recopilan, se comparten o ambas?/Recopilados"
PSL_DATA_USAGE_RESPONSES:PSL_FILES_AND_DOCS:PSL_DATA_USAGE_COLLECTION_AND_SHARING,PSL_DATA_USAGE_ONLY_SHARED,,MULTIPLE_CHOICE,"Uso y manejo de datos (Archivos y documentos)/¿Estos datos se recopilan, se comparten o ambas?/Compartidos"
PSL_DATA_USAGE_RESPONSES:PSL_FILES_AND_DOCS:PSL_DATA_USAGE_EPHEMERAL,,,MAYBE_REQUIRED,Uso y manejo de datos (Archivos y documentos)/¿Estos datos se procesan de forma efímera?
PSL_DATA_USAGE_RESPONSES:PSL_FILES_AND_DOCS:DATA_USAGE_USER_CONTROL,PSL_DATA_USAGE_USER_CONTROL_OPTIONAL,,SINGLE_CHOICE,Uso y manejo de datos (Archivos y documentos)/¿Estos datos son necesarios para tu app o los usuarios pueden decidir si se recopilan o no?/Los usuarios pueden decidir si los datos se recopilan o no
PSL_DATA_USAGE_RESPONSES:PSL_FILES_AND_DOCS:DATA_USAGE_USER_CONTROL,PSL_DATA_USAGE_USER_CONTROL_REQUIRED,,SINGLE_CHOICE,Uso y manejo de datos (Archivos y documentos)/¿Estos datos son necesarios para tu app o los usuarios pueden decidir si se recopilan o no?/La recopilación de datos es necesaria (los usuarios no pueden desactivar esta opción)
PSL_DATA_USAGE_RESPONSES:PSL_FILES_AND_DOCS:DATA_USAGE_COLLECTION_PURPOSE,PSL_APP_FUNCTIONALITY,,MULTIPLE_CHOICE,Uso y manejo de datos (Archivos y documentos)/¿Por qué se recopilan los datos de los usuarios? Selecciona todas las opciones que correspondan./Funciones de la app
PSL_DATA_USAGE_RESPONSES:PSL_FILES_AND_DOCS:DATA_USAGE_COLLECTION_PURPOSE,PSL_ANALYTICS,,MULTIPLE_CHOICE,Uso y manejo de datos (Archivos y documentos)/¿Por qué se recopilan los datos de los usuarios? Selecciona todas las opciones que correspondan./Estadísticas
PSL_DATA_USAGE_RESPONSES:PSL_FILES_AND_DOCS:DATA_USAGE_COLLECTION_PURPOSE,PSL_DEVELOPER_COMMUNICATIONS,,MULTIPLE_CHOICE,Uso y manejo de datos (Archivos y documentos)/¿Por qué se recopilan los datos de los usuarios? Selecciona todas las opciones que correspondan./Comunicaciones del desarrollador
PSL_DATA_USAGE_RESPONSES:PSL_FILES_AND_DOCS:DATA_USAGE_COLLECTION_PURPOSE,PSL_FRAUD_PREVENTION_SECURITY,,MULTIPLE_CHOICE,"Uso y manejo de datos (Archivos y documentos)/¿Por qué se recopilan los datos de los usuarios? Selecciona todas las opciones que correspondan./Seguridad, cumplimiento y prevención de fraudes"
PSL_DATA_USAGE_RESPONSES:PSL_FILES_AND_DOCS:DATA_USAGE_COLLECTION_PURPOSE,PSL_ADVERTISING,,MULTIPLE_CHOICE,Uso y manejo de datos (Archivos y documentos)/¿Por qué se recopilan los datos de los usuarios? Selecciona todas las opciones que correspondan./Publicidad o marketing
PSL_DATA_USAGE_RESPONSES:PSL_FILES_AND_DOCS:DATA_USAGE_COLLECTION_PURPOSE,PSL_PERSONALIZATION,,MULTIPLE_CHOICE,Uso y manejo de datos (Archivos y documentos)/¿Por qué se recopilan los datos de los usuarios? Selecciona todas las opciones que correspondan./Personalización
PSL_DATA_USAGE_RESPONSES:PSL_FILES_AND_DOCS:DATA_USAGE_COLLECTION_PURPOSE,PSL_ACCOUNT_MANAGEMENT,,MULTIPLE_CHOICE,Uso y manejo de datos (Archivos y documentos)/¿Por qué se recopilan los datos de los usuarios? Selecciona todas las opciones que correspondan./Administración de la cuenta
PSL_DATA_USAGE_RESPONSES:PSL_FILES_AND_DOCS:DATA_USAGE_SHARING_PURPOSE,PSL_APP_FUNCTIONALITY,,MULTIPLE_CHOICE,Uso y manejo de datos (Archivos y documentos)/¿Para qué se usan y comparten los datos de los usuarios? Selecciona todas las opciones que correspondan./Funciones de la app
PSL_DATA_USAGE_RESPONSES:PSL_FILES_AND_DOCS:DATA_USAGE_SHARING_PURPOSE,PSL_ANALYTICS,,MULTIPLE_CHOICE,Uso y manejo de datos (Archivos y documentos)/¿Para qué se usan y comparten los datos de los usuarios? Selecciona todas las opciones que correspondan./Estadísticas
PSL_DATA_USAGE_RESPONSES:PSL_FILES_AND_DOCS:DATA_USAGE_SHARING_PURPOSE,PSL_DEVELOPER_COMMUNICATIONS,,MULTIPLE_CHOICE,Uso y manejo de datos (Archivos y documentos)/¿Para qué se usan y comparten los datos de los usuarios? Selecciona todas las opciones que correspondan./Comunicaciones del desarrollador
PSL_DATA_USAGE_RESPONSES:PSL_FILES_AND_DOCS:DATA_USAGE_SHARING_PURPOSE,PSL_FRAUD_PREVENTION_SECURITY,,MULTIPLE_CHOICE,"Uso y manejo de datos (Archivos y documentos)/¿Para qué se usan y comparten los datos de los usuarios? Selecciona todas las opciones que correspondan./Seguridad, cumplimiento y prevención de fraudes"
PSL_DATA_USAGE_RESPONSES:PSL_FILES_AND_DOCS:DATA_USAGE_SHARING_PURPOSE,PSL_ADVERTISING,,MULTIPLE_CHOICE,Uso y manejo de datos (Archivos y documentos)/¿Para qué se usan y comparten los datos de los usuarios? Selecciona todas las opciones que correspondan./Publicidad o marketing
PSL_DATA_USAGE_RESPONSES:PSL_FILES_AND_DOCS:DATA_USAGE_SHARING_PURPOSE,PSL_PERSONALIZATION,,MULTIPLE_CHOICE,Uso y manejo de datos (Archivos y documentos)/¿Para qué se usan y comparten los datos de los usuarios? Selecciona todas las opciones que correspondan./Personalización
PSL_DATA_USAGE_RESPONSES:PSL_FILES_AND_DOCS:DATA_USAGE_SHARING_PURPOSE,PSL_ACCOUNT_MANAGEMENT,,MULTIPLE_CHOICE,Uso y manejo de datos (Archivos y documentos)/¿Para qué se usan y comparten los datos de los usuarios? Selecciona todas las opciones que correspondan./Administración de la cuenta
PSL_DATA_USAGE_RESPONSES:PSL_USER_INTERACTION:PSL_DATA_USAGE_COLLECTION_AND_SHARING,PSL_DATA_USAGE_ONLY_COLLECTED,true,MULTIPLE_CHOICE,"Uso y manejo de datos (Interacciones en la app)/¿Estos datos se recopilan, se comparten o ambas?/Recopilados"
PSL_DATA_USAGE_RESPONSES:PSL_USER_INTERACTION:PSL_DATA_USAGE_COLLECTION_AND_SHARING,PSL_DATA_USAGE_ONLY_SHARED,,MULTIPLE_CHOICE,"Uso y manejo de datos (Interacciones en la app)/¿Estos datos se recopilan, se comparten o ambas?/Compartidos"
PSL_DATA_USAGE_RESPONSES:PSL_USER_INTERACTION:PSL_DATA_USAGE_EPHEMERAL,,false,MAYBE_REQUIRED,Uso y manejo de datos (Interacciones en la app)/¿Estos datos se procesan de forma efímera?
PSL_DATA_USAGE_RESPONSES:PSL_USER_INTERACTION:DATA_USAGE_USER_CONTROL,PSL_DATA_USAGE_USER_CONTROL_OPTIONAL,,SINGLE_CHOICE,Uso y manejo de datos (Interacciones en la app)/¿Estos datos son necesarios para tu app o los usuarios pueden decidir si se recopilan o no?/Los usuarios pueden decidir si los datos se recopilan o no
PSL_DATA_USAGE_RESPONSES:PSL_USER_INTERACTION:DATA_USAGE_USER_CONTROL,PSL_DATA_USAGE_USER_CONTROL_REQUIRED,true,SINGLE_CHOICE,Uso y manejo de datos (Interacciones en la app)/¿Estos datos son necesarios para tu app o los usuarios pueden decidir si se recopilan o no?/La recopilación de datos es necesaria (los usuarios no pueden desactivar esta opción)
PSL_DATA_USAGE_RESPONSES:PSL_USER_INTERACTION:DATA_USAGE_COLLECTION_PURPOSE,PSL_APP_FUNCTIONALITY,true,MULTIPLE_CHOICE,Uso y manejo de datos (Interacciones en la app)/¿Por qué se recopilan los datos de los usuarios? Selecciona todas las opciones que correspondan./Funciones de la app
PSL_DATA_USAGE_RESPONSES:PSL_USER_INTERACTION:DATA_USAGE_COLLECTION_PURPOSE,PSL_ANALYTICS,,MULTIPLE_CHOICE,Uso y manejo de datos (Interacciones en la app)/¿Por qué se recopilan los datos de los usuarios? Selecciona todas las opciones que correspondan./Estadísticas
PSL_DATA_USAGE_RESPONSES:PSL_USER_INTERACTION:DATA_USAGE_COLLECTION_PURPOSE,PSL_DEVELOPER_COMMUNICATIONS,,MULTIPLE_CHOICE,Uso y manejo de datos (Interacciones en la app)/¿Por qué se recopilan los datos de los usuarios? Selecciona todas las opciones que correspondan./Comunicaciones del desarrollador
PSL_DATA_USAGE_RESPONSES:PSL_USER_INTERACTION:DATA_USAGE_COLLECTION_PURPOSE,PSL_FRAUD_PREVENTION_SECURITY,,MULTIPLE_CHOICE,"Uso y manejo de datos (Interacciones en la app)/¿Por qué se recopilan los datos de los usuarios? Selecciona todas las opciones que correspondan./Seguridad, cumplimiento y prevención de fraudes"
PSL_DATA_USAGE_RESPONSES:PSL_USER_INTERACTION:DATA_USAGE_COLLECTION_PURPOSE,PSL_ADVERTISING,,MULTIPLE_CHOICE,Uso y manejo de datos (Interacciones en la app)/¿Por qué se recopilan los datos de los usuarios? Selecciona todas las opciones que correspondan./Publicidad o marketing
PSL_DATA_USAGE_RESPONSES:PSL_USER_INTERACTION:DATA_USAGE_COLLECTION_PURPOSE,PSL_PERSONALIZATION,,MULTIPLE_CHOICE,Uso y manejo de datos (Interacciones en la app)/¿Por qué se recopilan los datos de los usuarios? Selecciona todas las opciones que correspondan./Personalización
PSL_DATA_USAGE_RESPONSES:PSL_USER_INTERACTION:DATA_USAGE_COLLECTION_PURPOSE,PSL_ACCOUNT_MANAGEMENT,,MULTIPLE_CHOICE,Uso y manejo de datos (Interacciones en la app)/¿Por qué se recopilan los datos de los usuarios? Selecciona todas las opciones que correspondan./Administración de la cuenta
PSL_DATA_USAGE_RESPONSES:PSL_USER_INTERACTION:DATA_USAGE_SHARING_PURPOSE,PSL_APP_FUNCTIONALITY,,MULTIPLE_CHOICE,Uso y manejo de datos (Interacciones en la app)/¿Para qué se usan y comparten los datos de los usuarios? Selecciona todas las opciones que correspondan./Funciones de la app
PSL_DATA_USAGE_RESPONSES:PSL_USER_INTERACTION:DATA_USAGE_SHARING_PURPOSE,PSL_ANALYTICS,,MULTIPLE_CHOICE,Uso y manejo de datos (Interacciones en la app)/¿Para qué se usan y comparten los datos de los usuarios? Selecciona todas las opciones que correspondan./Estadísticas
PSL_DATA_USAGE_RESPONSES:PSL_USER_INTERACTION:DATA_USAGE_SHARING_PURPOSE,PSL_DEVELOPER_COMMUNICATIONS,,MULTIPLE_CHOICE,Uso y manejo de datos (Interacciones en la app)/¿Para qué se usan y comparten los datos de los usuarios? Selecciona todas las opciones que correspondan./Comunicaciones del desarrollador
PSL_DATA_USAGE_RESPONSES:PSL_USER_INTERACTION:DATA_USAGE_SHARING_PURPOSE,PSL_FRAUD_PREVENTION_SECURITY,,MULTIPLE_CHOICE,"Uso y manejo de datos (Interacciones en la app)/¿Para qué se usan y comparten los datos de los usuarios? Selecciona todas las opciones que correspondan./Seguridad, cumplimiento y prevención de fraudes"
PSL_DATA_USAGE_RESPONSES:PSL_USER_INTERACTION:DATA_USAGE_SHARING_PURPOSE,PSL_ADVERTISING,,MULTIPLE_CHOICE,Uso y manejo de datos (Interacciones en la app)/¿Para qué se usan y comparten los datos de los usuarios? Selecciona todas las opciones que correspondan./Publicidad o marketing
PSL_DATA_USAGE_RESPONSES:PSL_USER_INTERACTION:DATA_USAGE_SHARING_PURPOSE,PSL_PERSONALIZATION,,MULTIPLE_CHOICE,Uso y manejo de datos (Interacciones en la app)/¿Para qué se usan y comparten los datos de los usuarios? Selecciona todas las opciones que correspondan./Personalización
PSL_DATA_USAGE_RESPONSES:PSL_USER_INTERACTION:DATA_USAGE_SHARING_PURPOSE,PSL_ACCOUNT_MANAGEMENT,,MULTIPLE_CHOICE,Uso y manejo de datos (Interacciones en la app)/¿Para qué se usan y comparten los datos de los usuarios? Selecciona todas las opciones que correspondan./Administración de la cuenta
PSL_DATA_USAGE_RESPONSES:PSL_IN_APP_SEARCH_HISTORY:PSL_DATA_USAGE_COLLECTION_AND_SHARING,PSL_DATA_USAGE_ONLY_COLLECTED,,MULTIPLE_CHOICE,"Uso y manejo de datos (Historial de búsqueda en la app)/¿Estos datos se recopilan, se comparten o ambas?/Recopilados"
PSL_DATA_USAGE_RESPONSES:PSL_IN_APP_SEARCH_HISTORY:PSL_DATA_USAGE_COLLECTION_AND_SHARING,PSL_DATA_USAGE_ONLY_SHARED,,MULTIPLE_CHOICE,"Uso y manejo de datos (Historial de búsqueda en la app)/¿Estos datos se recopilan, se comparten o ambas?/Compartidos"
PSL_DATA_USAGE_RESPONSES:PSL_IN_APP_SEARCH_HISTORY:PSL_DATA_USAGE_EPHEMERAL,,,MAYBE_REQUIRED,Uso y manejo de datos (Historial de búsqueda en la app)/¿Estos datos se procesan de forma efímera?
PSL_DATA_USAGE_RESPONSES:PSL_IN_APP_SEARCH_HISTORY:DATA_USAGE_USER_CONTROL,PSL_DATA_USAGE_USER_CONTROL_OPTIONAL,,SINGLE_CHOICE,Uso y manejo de datos (Historial de búsqueda en la app)/¿Estos datos son necesarios para tu app o los usuarios pueden decidir si se recopilan o no?/Los usuarios pueden decidir si los datos se recopilan o no
PSL_DATA_USAGE_RESPONSES:PSL_IN_APP_SEARCH_HISTORY:DATA_USAGE_USER_CONTROL,PSL_DATA_USAGE_USER_CONTROL_REQUIRED,,SINGLE_CHOICE,Uso y manejo de datos (Historial de búsqueda en la app)/¿Estos datos son necesarios para tu app o los usuarios pueden decidir si se recopilan o no?/La recopilación de datos es necesaria (los usuarios no pueden desactivar esta opción)
PSL_DATA_USAGE_RESPONSES:PSL_IN_APP_SEARCH_HISTORY:DATA_USAGE_COLLECTION_PURPOSE,PSL_APP_FUNCTIONALITY,,MULTIPLE_CHOICE,Uso y manejo de datos (Historial de búsqueda en la app)/¿Por qué se recopilan los datos de los usuarios? Selecciona todas las opciones que correspondan./Funciones de la app
PSL_DATA_USAGE_RESPONSES:PSL_IN_APP_SEARCH_HISTORY:DATA_USAGE_COLLECTION_PURPOSE,PSL_ANALYTICS,,MULTIPLE_CHOICE,Uso y manejo de datos (Historial de búsqueda en la app)/¿Por qué se recopilan los datos de los usuarios? Selecciona todas las opciones que correspondan./Estadísticas
PSL_DATA_USAGE_RESPONSES:PSL_IN_APP_SEARCH_HISTORY:DATA_USAGE_COLLECTION_PURPOSE,PSL_DEVELOPER_COMMUNICATIONS,,MULTIPLE_CHOICE,Uso y manejo de datos (Historial de búsqueda en la app)/¿Por qué se recopilan los datos de los usuarios? Selecciona todas las opciones que correspondan./Comunicaciones del desarrollador
PSL_DATA_USAGE_RESPONSES:PSL_IN_APP_SEARCH_HISTORY:DATA_USAGE_COLLECTION_PURPOSE,PSL_FRAUD_PREVENTION_SECURITY,,MULTIPLE_CHOICE,"Uso y manejo de datos (Historial de búsqueda en la app)/¿Por qué se recopilan los datos de los usuarios? Selecciona todas las opciones que correspondan./Seguridad, cumplimiento y prevención de fraudes"
PSL_DATA_USAGE_RESPONSES:PSL_IN_APP_SEARCH_HISTORY:DATA_USAGE_COLLECTION_PURPOSE,PSL_ADVERTISING,,MULTIPLE_CHOICE,Uso y manejo de datos (Historial de búsqueda en la app)/¿Por qué se recopilan los datos de los usuarios? Selecciona todas las opciones que correspondan./Publicidad o marketing
PSL_DATA_USAGE_RESPONSES:PSL_IN_APP_SEARCH_HISTORY:DATA_USAGE_COLLECTION_PURPOSE,PSL_PERSONALIZATION,,MULTIPLE_CHOICE,Uso y manejo de datos (Historial de búsqueda en la app)/¿Por qué se recopilan los datos de los usuarios? Selecciona todas las opciones que correspondan./Personalización
PSL_DATA_USAGE_RESPONSES:PSL_IN_APP_SEARCH_HISTORY:DATA_USAGE_COLLECTION_PURPOSE,PSL_ACCOUNT_MANAGEMENT,,MULTIPLE_CHOICE,Uso y manejo de datos (Historial de búsqueda en la app)/¿Por qué se recopilan los datos de los usuarios? Selecciona todas las opciones que correspondan./Administración de la cuenta
PSL_DATA_USAGE_RESPONSES:PSL_IN_APP_SEARCH_HISTORY:DATA_USAGE_SHARING_PURPOSE,PSL_APP_FUNCTIONALITY,,MULTIPLE_CHOICE,Uso y manejo de datos (Historial de búsqueda en la app)/¿Para qué se usan y comparten los datos de los usuarios? Selecciona todas las opciones que correspondan./Funciones de la app
PSL_DATA_USAGE_RESPONSES:PSL_IN_APP_SEARCH_HISTORY:DATA_USAGE_SHARING_PURPOSE,PSL_ANALYTICS,,MULTIPLE_CHOICE,Uso y manejo de datos (Historial de búsqueda en la app)/¿Para qué se usan y comparten los datos de los usuarios? Selecciona todas las opciones que correspondan./Estadísticas
PSL_DATA_USAGE_RESPONSES:PSL_IN_APP_SEARCH_HISTORY:DATA_USAGE_SHARING_PURPOSE,PSL_DEVELOPER_COMMUNICATIONS,,MULTIPLE_CHOICE,Uso y manejo de datos (Historial de búsqueda en la app)/¿Para qué se usan y comparten los datos de los usuarios? Selecciona todas las opciones que correspondan./Comunicaciones del desarrollador
PSL_DATA_USAGE_RESPONSES:PSL_IN_APP_SEARCH_HISTORY:DATA_USAGE_SHARING_PURPOSE,PSL_FRAUD_PREVENTION_SECURITY,,MULTIPLE_CHOICE,"Uso y manejo de datos (Historial de búsqueda en la app)/¿Para qué se usan y comparten los datos de los usuarios? Selecciona todas las opciones que correspondan./Seguridad, cumplimiento y prevención de fraudes"
PSL_DATA_USAGE_RESPONSES:PSL_IN_APP_SEARCH_HISTORY:DATA_USAGE_SHARING_PURPOSE,PSL_ADVERTISING,,MULTIPLE_CHOICE,Uso y manejo de datos (Historial de búsqueda en la app)/¿Para qué se usan y comparten los datos de los usuarios? Selecciona todas las opciones que correspondan./Publicidad o marketing
PSL_DATA_USAGE_RESPONSES:PSL_IN_APP_SEARCH_HISTORY:DATA_USAGE_SHARING_PURPOSE,PSL_PERSONALIZATION,,MULTIPLE_CHOICE,Uso y manejo de datos (Historial de búsqueda en la app)/¿Para qué se usan y comparten los datos de los usuarios? Selecciona todas las opciones que correspondan./Personalización
PSL_DATA_USAGE_RESPONSES:PSL_IN_APP_SEARCH_HISTORY:DATA_USAGE_SHARING_PURPOSE,PSL_ACCOUNT_MANAGEMENT,,MULTIPLE_CHOICE,Uso y manejo de datos (Historial de búsqueda en la app)/¿Para qué se usan y comparten los datos de los usuarios? Selecciona todas las opciones que correspondan./Administración de la cuenta
PSL_DATA_USAGE_RESPONSES:PSL_APPS_ON_DEVICE:PSL_DATA_USAGE_COLLECTION_AND_SHARING,PSL_DATA_USAGE_ONLY_COLLECTED,,MULTIPLE_CHOICE,"Uso y manejo de datos (Apps instaladas)/¿Estos datos se recopilan, se comparten o ambas?/Recopilados"
PSL_DATA_USAGE_RESPONSES:PSL_APPS_ON_DEVICE:PSL_DATA_USAGE_COLLECTION_AND_SHARING,PSL_DATA_USAGE_ONLY_SHARED,,MULTIPLE_CHOICE,"Uso y manejo de datos (Apps instaladas)/¿Estos datos se recopilan, se comparten o ambas?/Compartidos"
PSL_DATA_USAGE_RESPONSES:PSL_APPS_ON_DEVICE:PSL_DATA_USAGE_EPHEMERAL,,,MAYBE_REQUIRED,Uso y manejo de datos (Apps instaladas)/¿Estos datos se procesan de forma efímera?
PSL_DATA_USAGE_RESPONSES:PSL_APPS_ON_DEVICE:DATA_USAGE_USER_CONTROL,PSL_DATA_USAGE_USER_CONTROL_OPTIONAL,,SINGLE_CHOICE,Uso y manejo de datos (Apps instaladas)/¿Estos datos son necesarios para tu app o los usuarios pueden decidir si se recopilan o no?/Los usuarios pueden decidir si los datos se recopilan o no
PSL_DATA_USAGE_RESPONSES:PSL_APPS_ON_DEVICE:DATA_USAGE_USER_CONTROL,PSL_DATA_USAGE_USER_CONTROL_REQUIRED,,SINGLE_CHOICE,Uso y manejo de datos (Apps instaladas)/¿Estos datos son necesarios para tu app o los usuarios pueden decidir si se recopilan o no?/La recopilación de datos es necesaria (los usuarios no pueden desactivar esta opción)
PSL_DATA_USAGE_RESPONSES:PSL_APPS_ON_DEVICE:DATA_USAGE_COLLECTION_PURPOSE,PSL_APP_FUNCTIONALITY,,MULTIPLE_CHOICE,Uso y manejo de datos (Apps instaladas)/¿Por qué se recopilan los datos de los usuarios? Selecciona todas las opciones que correspondan./Funciones de la app
PSL_DATA_USAGE_RESPONSES:PSL_APPS_ON_DEVICE:DATA_USAGE_COLLECTION_PURPOSE,PSL_ANALYTICS,,MULTIPLE_CHOICE,Uso y manejo de datos (Apps instaladas)/¿Por qué se recopilan los datos de los usuarios? Selecciona todas las opciones que correspondan./Estadísticas
PSL_DATA_USAGE_RESPONSES:PSL_APPS_ON_DEVICE:DATA_USAGE_COLLECTION_PURPOSE,PSL_DEVELOPER_COMMUNICATIONS,,MULTIPLE_CHOICE,Uso y manejo de datos (Apps instaladas)/¿Por qué se recopilan los datos de los usuarios? Selecciona todas las opciones que correspondan./Comunicaciones del desarrollador
PSL_DATA_USAGE_RESPONSES:PSL_APPS_ON_DEVICE:DATA_USAGE_COLLECTION_PURPOSE,PSL_FRAUD_PREVENTION_SECURITY,,MULTIPLE_CHOICE,"Uso y manejo de datos (Apps instaladas)/¿Por qué se recopilan los datos de los usuarios? Selecciona todas las opciones que correspondan./Seguridad, cumplimiento y prevención de fraudes"
PSL_DATA_USAGE_RESPONSES:PSL_APPS_ON_DEVICE:DATA_USAGE_COLLECTION_PURPOSE,PSL_ADVERTISING,,MULTIPLE_CHOICE,Uso y manejo de datos (Apps instaladas)/¿Por qué se recopilan los datos de los usuarios? Selecciona todas las opciones que correspondan./Publicidad o marketing
PSL_DATA_USAGE_RESPONSES:PSL_APPS_ON_DEVICE:DATA_USAGE_COLLECTION_PURPOSE,PSL_PERSONALIZATION,,MULTIPLE_CHOICE,Uso y manejo de datos (Apps instaladas)/¿Por qué se recopilan los datos de los usuarios? Selecciona todas las opciones que correspondan./Personalización
PSL_DATA_USAGE_RESPONSES:PSL_APPS_ON_DEVICE:DATA_USAGE_COLLECTION_PURPOSE,PSL_ACCOUNT_MANAGEMENT,,MULTIPLE_CHOICE,Uso y manejo de datos (Apps instaladas)/¿Por qué se recopilan los datos de los usuarios? Selecciona todas las opciones que correspondan./Administración de la cuenta
PSL_DATA_USAGE_RESPONSES:PSL_APPS_ON_DEVICE:DATA_USAGE_SHARING_PURPOSE,PSL_APP_FUNCTIONALITY,,MULTIPLE_CHOICE,Uso y manejo de datos (Apps instaladas)/¿Para qué se usan y comparten los datos de los usuarios? Selecciona todas las opciones que correspondan./Funciones de la app
PSL_DATA_USAGE_RESPONSES:PSL_APPS_ON_DEVICE:DATA_USAGE_SHARING_PURPOSE,PSL_ANALYTICS,,MULTIPLE_CHOICE,Uso y manejo de datos (Apps instaladas)/¿Para qué se usan y comparten los datos de los usuarios? Selecciona todas las opciones que correspondan./Estadísticas
PSL_DATA_USAGE_RESPONSES:PSL_APPS_ON_DEVICE:DATA_USAGE_SHARING_PURPOSE,PSL_DEVELOPER_COMMUNICATIONS,,MULTIPLE_CHOICE,Uso y manejo de datos (Apps instaladas)/¿Para qué se usan y comparten los datos de los usuarios? Selecciona todas las opciones que correspondan./Comunicaciones del desarrollador
PSL_DATA_USAGE_RESPONSES:PSL_APPS_ON_DEVICE:DATA_USAGE_SHARING_PURPOSE,PSL_FRAUD_PREVENTION_SECURITY,,MULTIPLE_CHOICE,"Uso y manejo de datos (Apps instaladas)/¿Para qué se usan y comparten los datos de los usuarios? Selecciona todas las opciones que correspondan./Seguridad, cumplimiento y prevención de fraudes"
PSL_DATA_USAGE_RESPONSES:PSL_APPS_ON_DEVICE:DATA_USAGE_SHARING_PURPOSE,PSL_ADVERTISING,,MULTIPLE_CHOICE,Uso y manejo de datos (Apps instaladas)/¿Para qué se usan y comparten los datos de los usuarios? Selecciona todas las opciones que correspondan./Publicidad o marketing
PSL_DATA_USAGE_RESPONSES:PSL_APPS_ON_DEVICE:DATA_USAGE_SHARING_PURPOSE,PSL_PERSONALIZATION,,MULTIPLE_CHOICE,Uso y manejo de datos (Apps instaladas)/¿Para qué se usan y comparten los datos de los usuarios? Selecciona todas las opciones que correspondan./Personalización
PSL_DATA_USAGE_RESPONSES:PSL_APPS_ON_DEVICE:DATA_USAGE_SHARING_PURPOSE,PSL_ACCOUNT_MANAGEMENT,,MULTIPLE_CHOICE,Uso y manejo de datos (Apps instaladas)/¿Para qué se usan y comparten los datos de los usuarios? Selecciona todas las opciones que correspondan./Administración de la cuenta
PSL_DATA_USAGE_RESPONSES:PSL_USER_GENERATED_CONTENT:PSL_DATA_USAGE_COLLECTION_AND_SHARING,PSL_DATA_USAGE_ONLY_COLLECTED,true,MULTIPLE_CHOICE,"Uso y manejo de datos (Otro contenido generado por usuarios)/¿Estos datos se recopilan, se comparten o ambas?/Recopilados"
PSL_DATA_USAGE_RESPONSES:PSL_USER_GENERATED_CONTENT:PSL_DATA_USAGE_COLLECTION_AND_SHARING,PSL_DATA_USAGE_ONLY_SHARED,,MULTIPLE_CHOICE,"Uso y manejo de datos (Otro contenido generado por usuarios)/¿Estos datos se recopilan, se comparten o ambas?/Compartidos"
PSL_DATA_USAGE_RESPONSES:PSL_USER_GENERATED_CONTENT:PSL_DATA_USAGE_EPHEMERAL,,false,MAYBE_REQUIRED,Uso y manejo de datos (Otro contenido generado por usuarios)/¿Estos datos se procesan de forma efímera?
PSL_DATA_USAGE_RESPONSES:PSL_USER_GENERATED_CONTENT:DATA_USAGE_USER_CONTROL,PSL_DATA_USAGE_USER_CONTROL_OPTIONAL,true,SINGLE_CHOICE,Uso y manejo de datos (Otro contenido generado por usuarios)/¿Estos datos son necesarios para tu app o los usuarios pueden decidir si se recopilan o no?/Los usuarios pueden decidir si los datos se recopilan o no
PSL_DATA_USAGE_RESPONSES:PSL_USER_GENERATED_CONTENT:DATA_USAGE_USER_CONTROL,PSL_DATA_USAGE_USER_CONTROL_REQUIRED,,SINGLE_CHOICE,Uso y manejo de datos (Otro contenido generado por usuarios)/¿Estos datos son necesarios para tu app o los usuarios pueden decidir si se recopilan o no?/La recopilación de datos es necesaria (los usuarios no pueden desactivar esta opción)
PSL_DATA_USAGE_RESPONSES:PSL_USER_GENERATED_CONTENT:DATA_USAGE_COLLECTION_PURPOSE,PSL_APP_FUNCTIONALITY,true,MULTIPLE_CHOICE,Uso y manejo de datos (Otro contenido generado por usuarios)/¿Por qué se recopilan los datos de los usuarios? Selecciona todas las opciones que correspondan./Funciones de la app
PSL_DATA_USAGE_RESPONSES:PSL_USER_GENERATED_CONTENT:DATA_USAGE_COLLECTION_PURPOSE,PSL_ANALYTICS,,MULTIPLE_CHOICE,Uso y manejo de datos (Otro contenido generado por usuarios)/¿Por qué se recopilan los datos de los usuarios? Selecciona todas las opciones que correspondan./Estadísticas
PSL_DATA_USAGE_RESPONSES:PSL_USER_GENERATED_CONTENT:DATA_USAGE_COLLECTION_PURPOSE,PSL_DEVELOPER_COMMUNICATIONS,,MULTIPLE_CHOICE,Uso y manejo de datos (Otro contenido generado por usuarios)/¿Por qué se recopilan los datos de los usuarios? Selecciona todas las opciones que correspondan./Comunicaciones del desarrollador
PSL_DATA_USAGE_RESPONSES:PSL_USER_GENERATED_CONTENT:DATA_USAGE_COLLECTION_PURPOSE,PSL_FRAUD_PREVENTION_SECURITY,,MULTIPLE_CHOICE,"Uso y manejo de datos (Otro contenido generado por usuarios)/¿Por qué se recopilan los datos de los usuarios? Selecciona todas las opciones que correspondan./Seguridad, cumplimiento y prevención de fraudes"
PSL_DATA_USAGE_RESPONSES:PSL_USER_GENERATED_CONTENT:DATA_USAGE_COLLECTION_PURPOSE,PSL_ADVERTISING,,MULTIPLE_CHOICE,Uso y manejo de datos (Otro contenido generado por usuarios)/¿Por qué se recopilan los datos de los usuarios? Selecciona todas las opciones que correspondan./Publicidad o marketing
PSL_DATA_USAGE_RESPONSES:PSL_USER_GENERATED_CONTENT:DATA_USAGE_COLLECTION_PURPOSE,PSL_PERSONALIZATION,,MULTIPLE_CHOICE,Uso y manejo de datos (Otro contenido generado por usuarios)/¿Por qué se recopilan los datos de los usuarios? Selecciona todas las opciones que correspondan./Personalización
PSL_DATA_USAGE_RESPONSES:PSL_USER_GENERATED_CONTENT:DATA_USAGE_COLLECTION_PURPOSE,PSL_ACCOUNT_MANAGEMENT,,MULTIPLE_CHOICE,Uso y manejo de datos (Otro contenido generado por usuarios)/¿Por qué se recopilan los datos de los usuarios? Selecciona todas las opciones que correspondan./Administración de la cuenta
PSL_DATA_USAGE_RESPONSES:PSL_USER_GENERATED_CONTENT:DATA_USAGE_SHARING_PURPOSE,PSL_APP_FUNCTIONALITY,,MULTIPLE_CHOICE,Uso y manejo de datos (Otro contenido generado por usuarios)/¿Para qué se usan y comparten los datos de los usuarios? Selecciona todas las opciones que correspondan./Funciones de la app
PSL_DATA_USAGE_RESPONSES:PSL_USER_GENERATED_CONTENT:DATA_USAGE_SHARING_PURPOSE,PSL_ANALYTICS,,MULTIPLE_CHOICE,Uso y manejo de datos (Otro contenido generado por usuarios)/¿Para qué se usan y comparten los datos de los usuarios? Selecciona todas las opciones que correspondan./Estadísticas
PSL_DATA_USAGE_RESPONSES:PSL_USER_GENERATED_CONTENT:DATA_USAGE_SHARING_PURPOSE,PSL_DEVELOPER_COMMUNICATIONS,,MULTIPLE_CHOICE,Uso y manejo de datos (Otro contenido generado por usuarios)/¿Para qué se usan y comparten los datos de los usuarios? Selecciona todas las opciones que correspondan./Comunicaciones del desarrollador
PSL_DATA_USAGE_RESPONSES:PSL_USER_GENERATED_CONTENT:DATA_USAGE_SHARING_PURPOSE,PSL_FRAUD_PREVENTION_SECURITY,,MULTIPLE_CHOICE,"Uso y manejo de datos (Otro contenido generado por usuarios)/¿Para qué se usan y comparten los datos de los usuarios? Selecciona todas las opciones que correspondan./Seguridad, cumplimiento y prevención de fraudes"
PSL_DATA_USAGE_RESPONSES:PSL_USER_GENERATED_CONTENT:DATA_USAGE_SHARING_PURPOSE,PSL_ADVERTISING,,MULTIPLE_CHOICE,Uso y manejo de datos (Otro contenido generado por usuarios)/¿Para qué se usan y comparten los datos de los usuarios? Selecciona todas las opciones que correspondan./Publicidad o marketing
PSL_DATA_USAGE_RESPONSES:PSL_USER_GENERATED_CONTENT:DATA_USAGE_SHARING_PURPOSE,PSL_PERSONALIZATION,,MULTIPLE_CHOICE,Uso y manejo de datos (Otro contenido generado por usuarios)/¿Para qué se usan y comparten los datos de los usuarios? Selecciona todas las opciones que correspondan./Personalización
PSL_DATA_USAGE_RESPONSES:PSL_USER_GENERATED_CONTENT:DATA_USAGE_SHARING_PURPOSE,PSL_ACCOUNT_MANAGEMENT,,MULTIPLE_CHOICE,Uso y manejo de datos (Otro contenido generado por usuarios)/¿Para qué se usan y comparten los datos de los usuarios? Selecciona todas las opciones que correspondan./Administración de la cuenta
PSL_DATA_USAGE_RESPONSES:PSL_OTHER_APP_ACTIVITY:PSL_DATA_USAGE_COLLECTION_AND_SHARING,PSL_DATA_USAGE_ONLY_COLLECTED,,MULTIPLE_CHOICE,"Uso y manejo de datos (Otras acciones)/¿Estos datos se recopilan, se comparten o ambas?/Recopilados"
PSL_DATA_USAGE_RESPONSES:PSL_OTHER_APP_ACTIVITY:PSL_DATA_USAGE_COLLECTION_AND_SHARING,PSL_DATA_USAGE_ONLY_SHARED,,MULTIPLE_CHOICE,"Uso y manejo de datos (Otras acciones)/¿Estos datos se recopilan, se comparten o ambas?/Compartidos"
PSL_DATA_USAGE_RESPONSES:PSL_OTHER_APP_ACTIVITY:PSL_DATA_USAGE_EPHEMERAL,,,MAYBE_REQUIRED,Uso y manejo de datos (Otras acciones)/¿Estos datos se procesan de forma efímera?
PSL_DATA_USAGE_RESPONSES:PSL_OTHER_APP_ACTIVITY:DATA_USAGE_USER_CONTROL,PSL_DATA_USAGE_USER_CONTROL_OPTIONAL,,SINGLE_CHOICE,Uso y manejo de datos (Otras acciones)/¿Estos datos son necesarios para tu app o los usuarios pueden decidir si se recopilan o no?/Los usuarios pueden decidir si los datos se recopilan o no
PSL_DATA_USAGE_RESPONSES:PSL_OTHER_APP_ACTIVITY:DATA_USAGE_USER_CONTROL,PSL_DATA_USAGE_USER_CONTROL_REQUIRED,,SINGLE_CHOICE,Uso y manejo de datos (Otras acciones)/¿Estos datos son necesarios para tu app o los usuarios pueden decidir si se recopilan o no?/La recopilación de datos es necesaria (los usuarios no pueden desactivar esta opción)
PSL_DATA_USAGE_RESPONSES:PSL_OTHER_APP_ACTIVITY:DATA_USAGE_COLLECTION_PURPOSE,PSL_APP_FUNCTIONALITY,,MULTIPLE_CHOICE,Uso y manejo de datos (Otras acciones)/¿Por qué se recopilan los datos de los usuarios? Selecciona todas las opciones que correspondan./Funciones de la app
PSL_DATA_USAGE_RESPONSES:PSL_OTHER_APP_ACTIVITY:DATA_USAGE_COLLECTION_PURPOSE,PSL_ANALYTICS,,MULTIPLE_CHOICE,Uso y manejo de datos (Otras acciones)/¿Por qué se recopilan los datos de los usuarios? Selecciona todas las opciones que correspondan./Estadísticas
PSL_DATA_USAGE_RESPONSES:PSL_OTHER_APP_ACTIVITY:DATA_USAGE_COLLECTION_PURPOSE,PSL_DEVELOPER_COMMUNICATIONS,,MULTIPLE_CHOICE,Uso y manejo de datos (Otras acciones)/¿Por qué se recopilan los datos de los usuarios? Selecciona todas las opciones que correspondan./Comunicaciones del desarrollador
PSL_DATA_USAGE_RESPONSES:PSL_OTHER_APP_ACTIVITY:DATA_USAGE_COLLECTION_PURPOSE,PSL_FRAUD_PREVENTION_SECURITY,,MULTIPLE_CHOICE,"Uso y manejo de datos (Otras acciones)/¿Por qué se recopilan los datos de los usuarios? Selecciona todas las opciones que correspondan./Seguridad, cumplimiento y prevención de fraudes"
PSL_DATA_USAGE_RESPONSES:PSL_OTHER_APP_ACTIVITY:DATA_USAGE_COLLECTION_PURPOSE,PSL_ADVERTISING,,MULTIPLE_CHOICE,Uso y manejo de datos (Otras acciones)/¿Por qué se recopilan los datos de los usuarios? Selecciona todas las opciones que correspondan./Publicidad o marketing
PSL_DATA_USAGE_RESPONSES:PSL_OTHER_APP_ACTIVITY:DATA_USAGE_COLLECTION_PURPOSE,PSL_PERSONALIZATION,,MULTIPLE_CHOICE,Uso y manejo de datos (Otras acciones)/¿Por qué se recopilan los datos de los usuarios? Selecciona todas las opciones que correspondan./Personalización
PSL_DATA_USAGE_RESPONSES:PSL_OTHER_APP_ACTIVITY:DATA_USAGE_COLLECTION_PURPOSE,PSL_ACCOUNT_MANAGEMENT,,MULTIPLE_CHOICE,Uso y manejo de datos (Otras acciones)/¿Por qué se recopilan los datos de los usuarios? Selecciona todas las opciones que correspondan./Administración de la cuenta
PSL_DATA_USAGE_RESPONSES:PSL_OTHER_APP_ACTIVITY:DATA_USAGE_SHARING_PURPOSE,PSL_APP_FUNCTIONALITY,,MULTIPLE_CHOICE,Uso y manejo de datos (Otras acciones)/¿Para qué se usan y comparten los datos de los usuarios? Selecciona todas las opciones que correspondan./Funciones de la app
PSL_DATA_USAGE_RESPONSES:PSL_OTHER_APP_ACTIVITY:DATA_USAGE_SHARING_PURPOSE,PSL_ANALYTICS,,MULTIPLE_CHOICE,Uso y manejo de datos (Otras acciones)/¿Para qué se usan y comparten los datos de los usuarios? Selecciona todas las opciones que correspondan./Estadísticas
PSL_DATA_USAGE_RESPONSES:PSL_OTHER_APP_ACTIVITY:DATA_USAGE_SHARING_PURPOSE,PSL_DEVELOPER_COMMUNICATIONS,,MULTIPLE_CHOICE,Uso y manejo de datos (Otras acciones)/¿Para qué se usan y comparten los datos de los usuarios? Selecciona todas las opciones que correspondan./Comunicaciones del desarrollador
PSL_DATA_USAGE_RESPONSES:PSL_OTHER_APP_ACTIVITY:DATA_USAGE_SHARING_PURPOSE,PSL_FRAUD_PREVENTION_SECURITY,,MULTIPLE_CHOICE,"Uso y manejo de datos (Otras acciones)/¿Para qué se usan y comparten los datos de los usuarios? Selecciona todas las opciones que correspondan./Seguridad, cumplimiento y prevención de fraudes"
PSL_DATA_USAGE_RESPONSES:PSL_OTHER_APP_ACTIVITY:DATA_USAGE_SHARING_PURPOSE,PSL_ADVERTISING,,MULTIPLE_CHOICE,Uso y manejo de datos (Otras acciones)/¿Para qué se usan y comparten los datos de los usuarios? Selecciona todas las opciones que correspondan./Publicidad o marketing
PSL_DATA_USAGE_RESPONSES:PSL_OTHER_APP_ACTIVITY:DATA_USAGE_SHARING_PURPOSE,PSL_PERSONALIZATION,,MULTIPLE_CHOICE,Uso y manejo de datos (Otras acciones)/¿Para qué se usan y comparten los datos de los usuarios? Selecciona todas las opciones que correspondan./Personalización
PSL_DATA_USAGE_RESPONSES:PSL_OTHER_APP_ACTIVITY:DATA_USAGE_SHARING_PURPOSE,PSL_ACCOUNT_MANAGEMENT,,MULTIPLE_CHOICE,Uso y manejo de datos (Otras acciones)/¿Para qué se usan y comparten los datos de los usuarios? Selecciona todas las opciones que correspondan./Administración de la cuenta
PSL_DATA_USAGE_RESPONSES:PSL_DEVICE_ID:PSL_DATA_USAGE_COLLECTION_AND_SHARING,PSL_DATA_USAGE_ONLY_COLLECTED,,MULTIPLE_CHOICE,"Uso y manejo de datos (Dispositivo u otros IDs)/¿Estos datos se recopilan, se comparten o ambas?/Recopilados"
PSL_DATA_USAGE_RESPONSES:PSL_DEVICE_ID:PSL_DATA_USAGE_COLLECTION_AND_SHARING,PSL_DATA_USAGE_ONLY_SHARED,,MULTIPLE_CHOICE,"Uso y manejo de datos (Dispositivo u otros IDs)/¿Estos datos se recopilan, se comparten o ambas?/Compartidos"
PSL_DATA_USAGE_RESPONSES:PSL_DEVICE_ID:PSL_DATA_USAGE_EPHEMERAL,,,MAYBE_REQUIRED,Uso y manejo de datos (Dispositivo u otros IDs)/¿Estos datos se procesan de forma efímera?
PSL_DATA_USAGE_RESPONSES:PSL_DEVICE_ID:DATA_USAGE_USER_CONTROL,PSL_DATA_USAGE_USER_CONTROL_OPTIONAL,,SINGLE_CHOICE,Uso y manejo de datos (Dispositivo u otros IDs)/¿Estos datos son necesarios para tu app o los usuarios pueden decidir si se recopilan o no?/Los usuarios pueden decidir si los datos se recopilan o no
PSL_DATA_USAGE_RESPONSES:PSL_DEVICE_ID:DATA_USAGE_USER_CONTROL,PSL_DATA_USAGE_USER_CONTROL_REQUIRED,,SINGLE_CHOICE,Uso y manejo de datos (Dispositivo u otros IDs)/¿Estos datos son necesarios para tu app o los usuarios pueden decidir si se recopilan o no?/La recopilación de datos es necesaria (los usuarios no pueden desactivar esta opción)
PSL_DATA_USAGE_RESPONSES:PSL_DEVICE_ID:DATA_USAGE_COLLECTION_PURPOSE,PSL_APP_FUNCTIONALITY,,MULTIPLE_CHOICE,Uso y manejo de datos (Dispositivo u otros IDs)/¿Por qué se recopilan los datos de los usuarios? Selecciona todas las opciones que correspondan./Funciones de la app
PSL_DATA_USAGE_RESPONSES:PSL_DEVICE_ID:DATA_USAGE_COLLECTION_PURPOSE,PSL_ANALYTICS,,MULTIPLE_CHOICE,Uso y manejo de datos (Dispositivo u otros IDs)/¿Por qué se recopilan los datos de los usuarios? Selecciona todas las opciones que correspondan./Estadísticas
PSL_DATA_USAGE_RESPONSES:PSL_DEVICE_ID:DATA_USAGE_COLLECTION_PURPOSE,PSL_DEVELOPER_COMMUNICATIONS,,MULTIPLE_CHOICE,Uso y manejo de datos (Dispositivo u otros IDs)/¿Por qué se recopilan los datos de los usuarios? Selecciona todas las opciones que correspondan./Comunicaciones del desarrollador
PSL_DATA_USAGE_RESPONSES:PSL_DEVICE_ID:DATA_USAGE_COLLECTION_PURPOSE,PSL_FRAUD_PREVENTION_SECURITY,,MULTIPLE_CHOICE,"Uso y manejo de datos (Dispositivo u otros IDs)/¿Por qué se recopilan los datos de los usuarios? Selecciona todas las opciones que correspondan./Seguridad, cumplimiento y prevención de fraudes"
PSL_DATA_USAGE_RESPONSES:PSL_DEVICE_ID:DATA_USAGE_COLLECTION_PURPOSE,PSL_ADVERTISING,,MULTIPLE_CHOICE,Uso y manejo de datos (Dispositivo u otros IDs)/¿Por qué se recopilan los datos de los usuarios? Selecciona todas las opciones que correspondan./Publicidad o marketing
PSL_DATA_USAGE_RESPONSES:PSL_DEVICE_ID:DATA_USAGE_COLLECTION_PURPOSE,PSL_PERSONALIZATION,,MULTIPLE_CHOICE,Uso y manejo de datos (Dispositivo u otros IDs)/¿Por qué se recopilan los datos de los usuarios? Selecciona todas las opciones que correspondan./Personalización
PSL_DATA_USAGE_RESPONSES:PSL_DEVICE_ID:DATA_USAGE_COLLECTION_PURPOSE,PSL_ACCOUNT_MANAGEMENT,,MULTIPLE_CHOICE,Uso y manejo de datos (Dispositivo u otros IDs)/¿Por qué se recopilan los datos de los usuarios? Selecciona todas las opciones que correspondan./Administración de la cuenta
PSL_DATA_USAGE_RESPONSES:PSL_DEVICE_ID:DATA_USAGE_SHARING_PURPOSE,PSL_APP_FUNCTIONALITY,,MULTIPLE_CHOICE,Uso y manejo de datos (Dispositivo u otros IDs)/¿Para qué se usan y comparten los datos de los usuarios? Selecciona todas las opciones que correspondan./Funciones de la app
PSL_DATA_USAGE_RESPONSES:PSL_DEVICE_ID:DATA_USAGE_SHARING_PURPOSE,PSL_ANALYTICS,,MULTIPLE_CHOICE,Uso y manejo de datos (Dispositivo u otros IDs)/¿Para qué se usan y comparten los datos de los usuarios? Selecciona todas las opciones que correspondan./Estadísticas
PSL_DATA_USAGE_RESPONSES:PSL_DEVICE_ID:DATA_USAGE_SHARING_PURPOSE,PSL_DEVELOPER_COMMUNICATIONS,,MULTIPLE_CHOICE,Uso y manejo de datos (Dispositivo u otros IDs)/¿Para qué se usan y comparten los datos de los usuarios? Selecciona todas las opciones que correspondan./Comunicaciones del desarrollador
PSL_DATA_USAGE_RESPONSES:PSL_DEVICE_ID:DATA_USAGE_SHARING_PURPOSE,PSL_FRAUD_PREVENTION_SECURITY,,MULTIPLE_CHOICE,"Uso y manejo de datos (Dispositivo u otros IDs)/¿Para qué se usan y comparten los datos de los usuarios? Selecciona todas las opciones que correspondan./Seguridad, cumplimiento y prevención de fraudes"
PSL_DATA_USAGE_RESPONSES:PSL_DEVICE_ID:DATA_USAGE_SHARING_PURPOSE,PSL_ADVERTISING,,MULTIPLE_CHOICE,Uso y manejo de datos (Dispositivo u otros IDs)/¿Para qué se usan y comparten los datos de los usuarios? Selecciona todas las opciones que correspondan./Publicidad o marketing
PSL_DATA_USAGE_RESPONSES:PSL_DEVICE_ID:DATA_USAGE_SHARING_PURPOSE,PSL_PERSONALIZATION,,MULTIPLE_CHOICE,Uso y manejo de datos (Dispositivo u otros IDs)/¿Para qué se usan y comparten los datos de los usuarios? Selecciona todas las opciones que correspondan./Personalización
PSL_DATA_USAGE_RESPONSES:PSL_DEVICE_ID:DATA_USAGE_SHARING_PURPOSE,PSL_ACCOUNT_MANAGEMENT,,MULTIPLE_CHOICE,Uso y manejo de datos (Dispositivo u otros IDs)/¿Para qué se usan y comparten los datos de los usuarios? Selecciona todas las opciones que correspondan./Administración de la cuenta
